word_id,top_k,k_effective,centroid_sim,nn_recall_80,nn_precision_80,nn_f1_80,nn_recall_90,nn_precision_90,nn_f1_90,nn_recall_95,nn_precision_95,nn_f1_95
атмосфера,1,1,0.105107,0.0,0.0,0.0,0.0,0.0,0.0,0.0,0.0,0.0
атмосфера,5,5,0.240243,0.4,0.000295,0.00059,0.4,0.000295,0.00059,0.4,0.000295,0.00059
атмосфера,10,10,0.240459,0.4,0.000295,0.00059,0.4,0.000295,0.00059,0.4,0.000295,0.00059
атмосфера,20,20,0.240586,0.4,0.000295,0.00059,0.4,0.000295,0.00059,0.4,0.000295,0.00059
атмосфера,50,50,0.240822,0.4,0.000332,0.000664,0.4,0.000332,0.000664,0.4,0.000332,0.000664
атмосфера,100,100,0.240987,0.4,0.000332,0.000663,0.4,0.000332,0.000663,0.4,0.000332,0.000663
атмосфера,200,200,0.241112,0.6,0.000343,0.000686,0.6,0.000343,0.000686,0.6,0.000343,0.000686
атрибутику,1,1,0.071171,0.0,0.0,0.0,0.0,0.0,0.0,0.0,0.0,0.0
атрибутику,5,5,0.071301,0.0,0.0,0.0,0.0,0.0,0.0,0.0,0.0,0.0
атрибутику,10,10,0.071377,0.0,0.0,0.0,0.0,0.0,0.0,0.0,0.0,0.0
атрибутику,20,20,0.071543,0.0,0.0,0.0,0.0,0.0,0.0,0.0,0.0,0.0
атрибутику,50,50,0.071842,0.0,0.0,0.0,0.0,0.0,0.0,0.0,0.0,0.0
атрибутику,100,100,0.072147,0.0,0.0,0.0,0.0,0.0,0.0,0.0,0.0,0.0
атрибутику,200,194,0.072217,0.0,0.0,0.0,0.0,0.0,0.0,0.0,0.0,0.0
бампера,1,1,0.474455,0.0,0.0,0.0,0.0,0.0,0.0,0.0,0.0,0.0
бампера,5,5,0.374155,0.0,0.0,0.0,0.0,0.0,0.0,0.0,0.0,0.0
бампера,10,10,0.374183,0.0,0.0,0.0,0.0,0.0,0.0,0.0,0.0,0.0
бампера,20,20,0.374431,0.0,0.0,0.0,0.0,0.0,0.0,0.0,0.0,0.0
бампера,50,50,0.37478,0.066667,6.6e-05,0.000131,0.066667,6.6e-05,0.000131,0.066667,6.6e-05,0.000131
бампера,100,100,0.37498,0.2,0.000121,0.000242,0.2,9.9e-05,0.000198,0.2,9.9e-05,0.000198
бампера,200,200,0.375128,0.2,0.000121,0.000242,0.2,9.9e-05,0.000198,0.2,9.9e-05,0.000198
банке,1,1,1.0,1.0,1.0,1.0,1.0,1.0,1.0,1.0,1.0,1.0
банке,5,5,0.998818,1.0,0.922466,0.959669,1.0,0.922466,0.959669,1.0,0.922466,0.959669
банке,10,10,0.997319,1.0,0.846175,0.916679,1.0,0.846175,0.916679,1.0,0.846175,0.916679
банке,20,20,0.994525,1.0,0.770162,0.87016,1.0,0.770162,0.87016,1.0,0.770162,0.87016
банке,50,50,0.989281,1.0,0.68186,0.81084,1.0,0.68186,0.81084,1.0,0.68186,0.81084
банке,100,100,0.985038,1.0,0.630702,0.773534,1.0,0.630702,0.773534,1.0,0.630702,0.773534
банке,200,200,0.981287,1.0,0.595852,0.746751,1.0,0.595852,0.746751,1.0,0.595852,0.746751
бант,1,1,0.091946,0.0,0.0,0.0,0.0,0.0,0.0,0.0,0.0,0.0
бант,5,5,0.178735,0.058824,0.00194,0.003756,0.058824,0.00194,0.003756,0.058824,0.00194,0.003756
бант,10,10,0.179639,0.058824,0.001933,0.003743,0.058824,0.001933,0.003743,0.058824,0.001933,0.003743
бант,20,20,0.180553,0.058824,0.002183,0.004209,0.058824,0.001927,0.003733,0.058824,0.001927,0.003733
бант,50,50,0.182003,0.058824,0.002364,0.004545,0.058824,0.001919,0.003716,0.058824,0.001919,0.003716
бант,100,100,0.182911,0.058824,0.002357,0.004533,0.058824,0.001913,0.003706,0.058824,0.001913,0.003706
бант,200,200,0.183456,0.941176,0.002401,0.00479,0.941176,0.001958,0.003908,0.941176,0.001958,0.003908
баранины,1,1,0.498103,0.0,0.0,0.0,0.0,0.0,0.0,0.0,0.0,0.0
баранины,5,5,0.716282,0.8,0.168524,0.278401,0.8,0.168524,0.278401,0.8,0.168524,0.278401
баранины,10,10,0.693635,0.8,0.125723,0.217297,0.8,0.125723,0.217297,0.8,0.125723,0.217297
баранины,20,20,0.684872,0.8,0.097055,0.173109,0.8,0.097055,0.173109,0.8,0.097055,0.173109
баранины,50,50,0.669908,0.8,0.067306,0.124166,0.8,0.067306,0.124166,0.8,0.067306,0.124166
баранины,100,100,0.660795,0.8,0.053375,0.100074,0.8,0.053375,0.100074,0.8,0.053375,0.100074
баранины,200,200,0.662842,0.8,0.050421,0.094862,0.8,0.048499,0.091454,0.8,0.048499,0.091454
барса,1,1,0.265651,0.0,0.0,0.0,0.0,0.0,0.0,0.0,0.0,0.0
барса,5,5,0.269344,0.0,0.0,0.0,0.0,0.0,0.0,0.0,0.0,0.0
барса,10,10,0.271092,0.0,0.0,0.0,0.0,0.0,0.0,0.0,0.0,0.0
барса,20,20,0.273423,0.0,0.0,0.0,0.0,0.0,0.0,0.0,0.0,0.0
барса,50,50,0.27762,0.0,0.0,0.0,0.0,0.0,0.0,0.0,0.0,0.0
барса,100,100,0.281099,0.117647,0.000248,0.000496,0.117647,0.000248,0.000496,0.117647,0.000248,0.000496
барса,200,200,0.284069,0.147059,0.000385,0.000767,0.147059,0.000385,0.000767,0.147059,0.000385,0.000767
бездетным,1,1,0.288307,0.0,0.0,0.0,0.0,0.0,0.0,0.0,0.0,0.0
бездетным,5,5,0.362552,0.0,0.0,0.0,0.0,0.0,0.0,0.0,0.0,0.0
бездетным,10,10,0.395152,0.0,0.0,0.0,0.0,0.0,0.0,0.0,0.0,0.0
бездетным,20,20,0.395459,0.0,0.0,0.0,0.0,0.0,0.0,0.0,0.0,0.0
бездетным,50,50,0.395876,0.0,0.0,0.0,0.0,0.0,0.0,0.0,0.0,0.0
бездетным,100,100,0.396196,0.4,4.7e-05,9.4e-05,0.4,4.7e-05,9.4e-05,0.4,4.7e-05,9.4e-05
бездетным,200,200,0.396346,0.4,4.7e-05,9.4e-05,0.4,4.7e-05,9.4e-05,0.4,4.7e-05,9.4e-05
бросить,1,1,0.346728,0.015873,1.0,0.03125,0.015873,1.0,0.03125,0.015873,1.0,0.03125
бросить,5,5,0.588141,0.031746,0.601733,0.06031,0.031746,0.601733,0.06031,0.031746,0.601733,0.06031
бросить,10,10,0.629706,0.031746,0.515843,0.059811,0.031746,0.515843,0.059811,0.031746,0.515843,0.059811
бросить,20,20,0.695279,0.142857,0.422868,0.213566,0.142857,0.422868,0.213566,0.142857,0.422868,0.213566
бросить,50,50,0.729059,0.222222,0.330863,0.265873,0.222222,0.32274,0.263211,0.222222,0.32274,0.263211
бросить,100,100,0.755615,0.31746,0.280015,0.297564,0.31746,0.273575,0.293888,0.31746,0.273575,0.293888
бросить,200,200,0.766732,0.380952,0.249584,0.301583,0.380952,0.240652,0.294968,0.380952,0.240652,0.294968
вагоны,1,1,0.099395,0.0,0.0,0.0,0.0,0.0,0.0,0.0,0.0,0.0
вагоны,5,5,0.101768,0.058824,0.001587,0.003091,0.0,0.0,0.0,0.0,0.0,0.0
вагоны,10,10,0.102856,0.411765,0.002009,0.003998,0.352941,0.000425,0.000849,0.352941,0.000425,0.000849
вагоны,20,20,0.103722,0.470588,0.002351,0.004678,0.411765,0.00077,0.001537,0.411765,0.00077,0.001537
вагоны,50,50,0.104742,0.588235,0.002556,0.00509,0.529412,0.000851,0.001698,0.529412,0.000851,0.001698
вагоны,100,100,0.105613,0.588235,0.00255,0.005077,0.529412,0.000849,0.001694,0.529412,0.000849,0.001694
вагоны,200,189,0.105827,0.588235,0.002563,0.005103,0.529412,0.000848,0.001693,0.529412,0.000848,0.001693
вить,1,1,0.117507,0.0,0.0,0.0,0.0,0.0,0.0,0.0,0.0,0.0
вить,5,5,0.117995,0.0,0.0,0.0,0.0,0.0,0.0,0.0,0.0,0.0
вить,10,10,0.118516,0.0,0.0,0.0,0.0,0.0,0.0,0.0,0.0,0.0
вить,20,20,0.118932,0.0,0.0,0.0,0.0,0.0,0.0,0.0,0.0,0.0
вить,50,50,0.119891,0.076923,0.000138,0.000276,0.076923,0.000138,0.000276,0.076923,0.000138,0.000276
вить,100,100,0.120725,0.076923,0.000138,0.000275,0.076923,0.000138,0.000275,0.076923,0.000138,0.000275
вить,200,200,0.121494,0.153846,0.000202,0.000404,0.153846,0.000202,0.000404,0.153846,0.000202,0.000404
вол,1,1,0.122413,0.0,0.0,0.0,0.0,0.0,0.0,0.0,0.0,0.0
вол,5,5,0.128682,0.019608,0.006542,0.009811,0.019608,0.006542,0.009811,0.019608,0.006542,0.009811
вол,10,10,0.131142,0.019608,0.006452,0.009709,0.019608,0.006452,0.009709,0.019608,0.006452,0.009709
вол,20,20,0.13496,0.019608,0.00635,0.009593,0.019608,0.00635,0.009593,0.019608,0.00635,0.009593
вол,50,50,0.141577,0.823529,0.010901,0.021517,0.823529,0.009727,0.019226,0.823529,0.009727,0.019226
вол,100,100,0.145315,0.852941,0.011473,0.02264,0.852941,0.010323,0.0204,0.852941,0.010323,0.0204
вол,200,200,0.147798,0.862745,0.011809,0.023298,0.862745,0.010676,0.02109,0.862745,0.010676,0.02109
врач,1,1,0.176738,0.0,0.0,0.0,0.0,0.0,0.0,0.0,0.0,0.0
врач,5,5,0.347333,0.0,0.0,0.0,0.0,0.0,0.0,0.0,0.0,0.0
врач,10,10,0.357109,0.0,0.0,0.0,0.0,0.0,0.0,0.0,0.0,0.0
врач,20,20,0.357252,0.0,0.0,0.0,0.0,0.0,0.0,0.0,0.0,0.0
врач,50,50,0.35745,0.0,0.0,0.0,0.0,0.0,0.0,0.0,0.0,0.0
врач,100,100,0.357616,0.157895,3e-05,6e-05,0.157895,3e-05,6e-05,0.157895,3e-05,6e-05
врач,200,200,0.357753,0.210526,4.8e-05,9.6e-05,0.210526,4.8e-05,9.6e-05,0.210526,4.8e-05,9.6e-05
всей,1,1,0.210283,0.0,0.0,0.0,0.0,0.0,0.0,0.0,0.0,0.0
всей,5,5,0.30173,0.0,0.0,0.0,0.0,0.0,0.0,0.0,0.0,0.0
всей,10,10,0.335351,0.0,0.0,0.0,0.0,0.0,0.0,0.0,0.0,0.0
всей,20,20,0.345222,0.0,0.0,0.0,0.0,0.0,0.0,0.0,0.0,0.0
всей,50,50,0.38431,0.769231,0.007468,0.014793,0.769231,0.007468,0.014793,0.769231,0.007468,0.014793
всей,100,100,0.399906,0.846154,0.014978,0.029435,0.846154,0.014978,0.029435,0.846154,0.014978,0.029435
всей,200,200,0.415671,0.846154,0.015834,0.031087,0.846154,0.015834,0.031087,0.846154,0.015834,0.031087
входить,1,1,0.359879,0.0,0.0,0.0,0.0,0.0,0.0,0.0,0.0,0.0
входить,5,5,0.432625,0.105263,0.001208,0.002388,0.105263,0.001208,0.002388,0.105263,0.001208,0.002388
входить,10,10,0.432929,0.105263,0.001207,0.002386,0.105263,0.001207,0.002386,0.105263,0.001207,0.002386
входить,20,20,0.433364,0.157895,0.001427,0.002829,0.157895,0.001427,0.002829,0.157895,0.001427,0.002829
входить,50,50,0.433888,0.631579,0.001598,0.003187,0.631579,0.001598,0.003187,0.631579,0.001598,0.003187
входить,100,100,0.434154,0.842105,0.001652,0.003297,0.842105,0.001652,0.003297,0.842105,0.001652,0.003297
входить,200,200,0.434316,0.947368,0.001676,0.003345,0.947368,0.001676,0.003345,0.947368,0.001676,0.003345
даст,1,1,0.074885,0.0,0.0,0.0,0.0,0.0,0.0,0.0,0.0,0.0
даст,5,5,0.251779,0.0,0.0,0.0,0.0,0.0,0.0,0.0,0.0,0.0
даст,10,10,0.252076,0.0,0.0,0.0,0.0,0.0,0.0,0.0,0.0,0.0
даст,20,20,0.252275,0.0,0.0,0.0,0.0,0.0,0.0,0.0,0.0,0.0
даст,50,50,0.252653,0.333333,7.3e-05,0.000147,0.0,0.0,0.0,0.0,0.0,0.0
даст,100,100,0.252879,0.333333,7.3e-05,0.000146,0.0,0.0,0.0,0.0,0.0,0.0
даст,200,200,0.253128,0.333333,7.3e-05,0.000146,0.0,0.0,0.0,0.0,0.0,0.0
дом,1,1,0.999338,0.935065,1.0,0.966443,0.935065,1.0,0.966443,0.935065,1.0,0.966443
дом,5,5,0.949232,0.935065,0.566782,0.705768,0.935065,0.566782,0.705768,0.935065,0.566782,0.705768
дом,10,10,0.945991,0.935065,0.524903,0.672369,0.935065,0.524903,0.672369,0.935065,0.524903,0.672369
дом,20,20,0.941511,0.948052,0.494202,0.649718,0.948052,0.494202,0.649718,0.948052,0.494202,0.649718
дом,50,50,0.938779,0.961039,0.459252,0.621505,0.961039,0.459252,0.621505,0.961039,0.459252,0.621505
дом,100,100,0.934713,0.961039,0.434243,0.598194,0.961039,0.434243,0.598194,0.961039,0.434243,0.598194
дом,200,200,0.931315,0.961039,0.412376,0.577115,0.961039,0.412376,0.577115,0.961039,0.412376,0.577115
едкой,1,1,0.244385,0.0,0.0,0.0,0.0,0.0,0.0,0.0,0.0,0.0
едкой,5,5,0.260233,0.0,0.0,0.0,0.0,0.0,0.0,0.0,0.0,0.0
едкой,10,10,0.260521,0.0,0.0,0.0,0.0,0.0,0.0,0.0,0.0,0.0
едкой,20,20,0.260734,0.5,8.3e-05,0.000166,0.5,8.3e-05,0.000166,0.5,8.3e-05,0.000166
едкой,50,50,0.261031,0.642857,0.000137,0.000274,0.642857,0.000137,0.000274,0.642857,0.000137,0.000274
едкой,100,100,0.26142,0.857143,0.000244,0.000487,0.857143,0.000221,0.000443,0.857143,0.000221,0.000443
едкой,200,200,0.26161,0.928571,0.000254,0.000507,0.928571,0.000231,0.000462,0.928571,0.000231,0.000462
есть,1,1,0.143804,0.0,0.0,0.0,0.0,0.0,0.0,0.0,0.0,0.0
есть,5,5,0.256529,0.4375,0.001081,0.002157,0.4375,0.001081,0.002157,0.4375,0.001081,0.002157
есть,10,10,0.256738,0.4375,0.001081,0.002156,0.4375,0.001081,0.002156,0.4375,0.001081,0.002156
есть,20,20,0.256942,0.4375,0.00108,0.002155,0.4375,0.00108,0.002155,0.4375,0.00108,0.002155
есть,50,50,0.257299,0.625,0.001191,0.002378,0.625,0.001191,0.002378,0.625,0.001191,0.002378
есть,100,100,0.257571,0.6875,0.001212,0.00242,0.6875,0.001212,0.00242,0.6875,0.001212,0.00242
есть,200,200,0.257676,0.6875,0.001212,0.002419,0.6875,0.001212,0.002419,0.6875,0.001212,0.002419
желает,1,1,0.362405,0.0,0.0,0.0,0.0,0.0,0.0,0.0,0.0,0.0
желает,5,5,0.462693,0.065574,0.000349,0.000695,0.065574,0.000349,0.000695,0.065574,0.000349,0.000695
желает,10,10,0.46318,0.090164,0.000653,0.001298,0.090164,0.000653,0.001298,0.090164,0.000653,0.001298
желает,20,20,0.463752,0.106557,0.000861,0.001709,0.106557,0.000861,0.001709,0.106557,0.000861,0.001709
желает,50,50,0.464609,0.278689,0.001492,0.002968,0.245902,0.001415,0.002814,0.245902,0.001415,0.002814
желает,100,100,0.465153,0.540984,0.001917,0.00382,0.540984,0.00182,0.003629,0.540984,0.00182,0.003629
желает,200,200,0.46555,0.581967,0.002031,0.004048,0.581967,0.001926,0.003839,0.581967,0.001926,0.003839
жирность,1,1,0.307352,0.0,0.0,0.0,0.0,0.0,0.0,0.0,0.0,0.0
жирность,5,5,0.400067,0.0,0.0,0.0,0.0,0.0,0.0,0.0,0.0,0.0
жирность,10,10,0.40058,0.035088,0.000307,0.00061,0.035088,0.000307,0.00061,0.035088,0.000307,0.00061
жирность,20,20,0.400934,0.052632,0.000412,0.000818,0.052632,0.000412,0.000818,0.052632,0.000412,0.000818
жирность,50,50,0.401567,0.070175,0.00046,0.000914,0.070175,0.00046,0.000914,0.070175,0.00046,0.000914
жирность,100,100,0.402025,0.105263,0.000512,0.001019,0.105263,0.000512,0.001019,0.105263,0.000512,0.001019
жирность,200,200,0.402387,0.175439,0.00055,0.001096,0.175439,0.00055,0.001096,0.175439,0.00055,0.001096
жить,1,1,0.236277,0.0,0.0,0.0,0.0,0.0,0.0,0.0,0.0,0.0
жить,5,5,0.40072,0.0,0.0,0.0,0.0,0.0,0.0,0.0,0.0,0.0
жить,10,10,0.611085,0.923077,0.0874,0.159681,0.923077,0.0874,0.159681,0.923077,0.0874,0.159681
жить,20,20,0.627135,0.923077,0.05759,0.108415,0.923077,0.05759,0.108415,0.923077,0.05759,0.108415
жить,50,50,0.63621,0.923077,0.045862,0.087382,0.923077,0.045862,0.087382,0.923077,0.045862,0.087382
жить,100,100,0.619731,0.923077,0.036091,0.069465,0.923077,0.036091,0.069465,0.923077,0.036091,0.069465
жить,200,200,0.61,0.923077,0.032644,0.063058,0.923077,0.032644,0.063058,0.923077,0.032644,0.063058
журчание,1,1,0.215499,0.0,0.0,0.0,0.0,0.0,0.0,0.0,0.0,0.0
журчание,5,5,0.216154,0.055556,0.000472,0.000936,0.055556,0.000472,0.000936,0.055556,0.000472,0.000936
журчание,10,10,0.216376,0.055556,0.000471,0.000935,0.055556,0.000471,0.000935,0.055556,0.000471,0.000935
журчание,20,20,0.217094,0.222222,0.001413,0.002808,0.222222,0.001413,0.002808,0.222222,0.001413,0.002808
журчание,50,50,0.217879,0.222222,0.001587,0.003152,0.222222,0.001587,0.003152,0.222222,0.001587,0.003152
журчание,100,100,0.218717,0.222222,0.002037,0.004037,0.222222,0.002037,0.004037,0.222222,0.002037,0.004037
журчание,200,200,0.219535,0.277778,0.002197,0.00436,0.277778,0.002197,0.00436,0.277778,0.002197,0.00436
заварил,1,1,0.174592,0.0,0.0,0.0,0.0,0.0,0.0,0.0,0.0,0.0
заварил,5,5,0.291471,0.0,0.0,0.0,0.0,0.0,0.0,0.0,0.0,0.0
заварил,10,10,0.291764,0.133333,0.000165,0.000329,0.133333,0.000165,0.000329,0.133333,0.000165,0.000329
заварил,20,20,0.292107,0.2,0.000269,0.000537,0.2,0.000269,0.000537,0.2,0.000269,0.000537
заварил,50,50,0.292857,0.2,0.000418,0.000835,0.2,0.000418,0.000835,0.2,0.000418,0.000835
заварил,100,100,0.293518,0.4,0.000592,0.001183,0.4,0.000592,0.001183,0.4,0.000592,0.001183
заварил,200,200,0.294057,0.4,0.000722,0.001441,0.4,0.000722,0.001441,0.4,0.000722,0.001441
заставить,1,1,0.123601,0.0,0.0,0.0,0.0,0.0,0.0,0.0,0.0,0.0
заставить,5,5,0.125282,0.0,0.0,0.0,0.0,0.0,0.0,0.0,0.0,0.0
заставить,10,10,0.126723,0.0,0.0,0.0,0.0,0.0,0.0,0.0,0.0,0.0
заставить,20,20,0.12881,0.0,0.0,0.0,0.0,0.0,0.0,0.0,0.0,0.0
заставить,50,50,0.13206,0.2,0.001139,0.002265,0.2,0.001139,0.002265,0.2,0.001139,0.002265
заставить,100,100,0.134794,0.8,0.001941,0.003873,0.8,0.001941,0.003873,0.8,0.001941,0.003873
заставить,200,174,0.1353,0.8,0.001937,0.003864,0.8,0.001937,0.003864,0.8,0.001937,0.003864
заявление,1,1,0.208261,0.0,0.0,0.0,0.0,0.0,0.0,0.0,0.0,0.0
заявление,5,5,0.245924,0.0,0.0,0.0,0.0,0.0,0.0,0.0,0.0,0.0
заявление,10,10,0.246104,0.066667,0.000144,0.000287,0.066667,0.000144,0.000287,0.066667,0.000144,0.000287
заявление,20,20,0.246512,0.066667,0.000144,0.000287,0.066667,0.000144,0.000287,0.066667,0.000144,0.000287
заявление,50,50,0.247054,0.133333,0.000206,0.000411,0.133333,0.000206,0.000411,0.133333,0.000206,0.000411
заявление,100,100,0.247474,0.2,0.00028,0.000558,0.2,0.00028,0.000558,0.2,0.00028,0.000558
заявление,200,200,0.247863,0.4,0.000301,0.000602,0.4,0.000301,0.000602,0.4,0.000301,0.000602
злило,1,1,0.354651,0.0,0.0,0.0,0.0,0.0,0.0,0.0,0.0,0.0
злило,5,5,0.433608,0.0,0.0,0.0,0.0,0.0,0.0,0.0,0.0,0.0
злило,10,10,0.434041,0.166667,0.000411,0.00082,0.166667,0.000411,0.00082,0.166667,0.000411,0.00082
злило,20,20,0.434495,0.333333,0.000583,0.001164,0.333333,0.000583,0.001164,0.333333,0.000583,0.001164
злило,50,50,0.435069,0.5,0.000814,0.001625,0.5,0.000749,0.001496,0.5,0.000749,0.001496
злило,100,100,0.43556,0.583333,0.000978,0.001953,0.583333,0.000889,0.001776,0.583333,0.000889,0.001776
злило,200,200,0.435972,0.583333,0.001113,0.002222,0.583333,0.001003,0.002003,0.583333,0.001003,0.002003
злые,1,1,0.250519,0.0,0.0,0.0,0.0,0.0,0.0,0.0,0.0,0.0
злые,5,5,0.25137,0.298246,0.000542,0.001082,0.298246,0.000542,0.001082,0.298246,0.000542,0.001082
злые,10,10,0.251872,0.315789,0.000861,0.001717,0.315789,0.000861,0.001717,0.315789,0.000861,0.001717
злые,20,20,0.252434,0.315789,0.000858,0.001712,0.315789,0.000858,0.001712,0.315789,0.000858,0.001712
злые,50,50,0.253335,0.403509,0.001122,0.002239,0.403509,0.001122,0.002239,0.403509,0.001122,0.002239
злые,100,100,0.253642,0.403509,0.001131,0.002255,0.403509,0.001131,0.002255,0.403509,0.001131,0.002255
злые,200,116,0.253664,0.403509,0.00113,0.002255,0.403509,0.00113,0.002255,0.403509,0.00113,0.002255
зоркий,1,1,0.225685,0.0,0.0,0.0,0.0,0.0,0.0,0.0,0.0,0.0
зоркий,5,5,0.226274,0.0,0.0,0.0,0.0,0.0,0.0,0.0,0.0,0.0
зоркий,10,10,0.226887,0.0,0.0,0.0,0.0,0.0,0.0,0.0,0.0,0.0
зоркий,20,20,0.227469,0.0,0.0,0.0,0.0,0.0,0.0,0.0,0.0,0.0
зоркий,50,50,0.228537,0.25,0.000191,0.000383,0.25,0.000191,0.000383,0.25,0.000191,0.000383
зоркий,100,100,0.229323,0.5,0.000253,0.000507,0.5,0.000253,0.000507,0.5,0.000253,0.000507
зоркий,200,200,0.230076,0.5,0.000252,0.000505,0.5,0.000252,0.000505,0.5,0.000252,0.000505
излишества,1,1,0.198718,0.0,0.0,0.0,0.0,0.0,0.0,0.0,0.0,0.0
излишества,5,5,0.24631,0.083333,0.001419,0.002791,0.083333,0.001419,0.002791,0.083333,0.001419,0.002791
излишества,10,10,0.247317,0.083333,0.001413,0.00278,0.083333,0.001413,0.00278,0.083333,0.001413,0.00278
излишества,20,20,0.2487,0.083333,0.001406,0.002765,0.083333,0.001406,0.002765,0.083333,0.001406,0.002765
излишества,50,50,0.251043,0.166667,0.001749,0.003463,0.166667,0.001749,0.003463,0.166667,0.001749,0.003463
излишества,100,100,0.253046,0.166667,0.001735,0.003435,0.166667,0.001735,0.003435,0.166667,0.001735,0.003435
излишества,200,200,0.254971,0.25,0.001798,0.003571,0.25,0.001798,0.003571,0.25,0.001798,0.003571
иной,1,1,0.318143,0.0,0.0,0.0,0.0,0.0,0.0,0.0,0.0,0.0
иной,5,5,0.413386,0.018182,0.001504,0.002778,0.018182,0.001504,0.002778,0.018182,0.001504,0.002778
иной,10,10,0.414538,0.036364,0.003725,0.006758,0.036364,0.003725,0.006758,0.036364,0.003725,0.006758
иной,20,20,0.415101,0.036364,0.004014,0.00723,0.036364,0.004014,0.00723,0.036364,0.004014,0.00723
иной,50,50,0.416003,0.054545,0.004216,0.007827,0.054545,0.004216,0.007827,0.054545,0.004216,0.007827
иной,100,100,0.416512,0.054545,0.004265,0.007911,0.054545,0.004265,0.007911,0.054545,0.004265,0.007911
иной,200,200,0.416973,0.072727,0.00429,0.008102,0.072727,0.00429,0.008102,0.072727,0.00429,0.008102
испечь,1,1,0.375766,0.0,0.0,0.0,0.0,0.0,0.0,0.0,0.0,0.0
испечь,5,5,0.37606,0.0,0.0,0.0,0.0,0.0,0.0,0.0,0.0,0.0
испечь,10,10,0.376265,0.0,0.0,0.0,0.0,0.0,0.0,0.0,0.0,0.0
испечь,20,20,0.376515,0.0,0.0,0.0,0.0,0.0,0.0,0.0,0.0,0.0
испечь,50,50,0.377117,0.044643,0.000384,0.000762,0.044643,0.000384,0.000762,0.044643,0.000384,0.000762
испечь,100,100,0.377628,0.357143,0.000564,0.001127,0.357143,0.000564,0.001127,0.357143,0.000564,0.001127
испечь,200,177,0.377829,0.366071,0.000592,0.001181,0.366071,0.000592,0.001181,0.366071,0.000592,0.001181
количество,1,1,0.12086,0.0,0.0,0.0,0.0,0.0,0.0,0.0,0.0,0.0
количество,5,5,0.268748,0.0,0.0,0.0,0.0,0.0,0.0,0.0,0.0,0.0
количество,10,10,0.268938,0.0,0.0,0.0,0.0,0.0,0.0,0.0,0.0,0.0
количество,20,20,0.269126,1.0,6.8e-05,0.000137,1.0,6.8e-05,0.000137,1.0,6.8e-05,0.000137
количество,50,50,0.269217,1.0,6.8e-05,0.000137,1.0,6.8e-05,0.000137,1.0,6.8e-05,0.000137
количество,100,100,0.269306,1.0,6.8e-05,0.000137,1.0,6.8e-05,0.000137,1.0,6.8e-05,0.000137
количество,200,200,0.269373,1.0,6.8e-05,0.000136,1.0,6.8e-05,0.000136,1.0,6.8e-05,0.000136
командиру,1,1,0.229054,0.0,0.0,0.0,0.0,0.0,0.0,0.0,0.0,0.0
командиру,5,5,0.300648,0.0,0.0,0.0,0.0,0.0,0.0,0.0,0.0,0.0
командиру,10,10,0.300986,0.0,0.0,0.0,0.0,0.0,0.0,0.0,0.0,0.0
командиру,20,20,0.301127,0.0,0.0,0.0,0.0,0.0,0.0,0.0,0.0,0.0
командиру,50,50,0.301447,0.0,0.0,0.0,0.0,0.0,0.0,0.0,0.0,0.0
командиру,100,100,0.301672,0.0,0.0,0.0,0.0,0.0,0.0,0.0,0.0,0.0
командиру,200,200,0.301855,0.0,0.0,0.0,0.0,0.0,0.0,0.0,0.0,0.0
кораблей,1,1,0.096181,0.0,0.0,0.0,0.0,0.0,0.0,0.0,0.0,0.0
кораблей,5,5,0.482722,0.0,0.0,0.0,0.0,0.0,0.0,0.0,0.0,0.0
кораблей,10,10,0.483131,0.029412,0.00061,0.001195,0.029412,0.00061,0.001195,0.029412,0.00061,0.001195
кораблей,20,20,0.483306,0.029412,0.000609,0.001193,0.029412,0.000609,0.001193,0.029412,0.000609,0.001193
кораблей,50,50,0.483887,0.985294,0.000848,0.001695,0.985294,0.000767,0.001532,0.985294,0.000767,0.001532
кораблей,100,100,0.484152,1.0,0.000925,0.001848,1.0,0.000802,0.001603,1.0,0.000802,0.001603
кораблей,200,200,0.484373,1.0,0.000948,0.001894,1.0,0.000812,0.001623,1.0,0.000812,0.001623
который,1,1,0.241918,0.0,0.0,0.0,0.0,0.0,0.0,0.0,0.0,0.0
который,5,5,0.245363,0.75,0.000494,0.000987,0.75,0.000494,0.000987,0.75,0.000494,0.000987
который,10,10,0.24562,0.75,0.000493,0.000986,0.75,0.000493,0.000986,0.75,0.000493,0.000986
который,20,20,0.245859,0.75,0.000493,0.000985,0.75,0.000493,0.000985,0.75,0.000493,0.000985
который,50,50,0.24618,0.75,0.000492,0.000984,0.75,0.000492,0.000984,0.75,0.000492,0.000984
который,100,100,0.246407,0.75,0.000491,0.000982,0.75,0.000491,0.000982,0.75,0.000491,0.000982
который,200,200,0.246571,0.75,0.000491,0.000981,0.75,0.000491,0.000981,0.75,0.000491,0.000981
красоты,1,1,0.167662,0.0,0.0,0.0,0.0,0.0,0.0,0.0,0.0,0.0
красоты,5,5,0.1684,0.05,0.000819,0.001612,0.05,0.000819,0.001612,0.05,0.000819,0.001612
красоты,10,10,0.168634,0.05,0.000818,0.00161,0.05,0.000818,0.00161,0.05,0.000818,0.00161
красоты,20,20,0.169025,0.05,0.000817,0.001608,0.05,0.000817,0.001608,0.05,0.000817,0.001608
красоты,50,50,0.16974,0.183333,0.001079,0.002145,0.183333,0.001079,0.002145,0.183333,0.001079,0.002145
красоты,100,100,0.170356,0.383333,0.001237,0.002467,0.383333,0.001237,0.002467,0.383333,0.001237,0.002467
красоты,200,132,0.170448,0.383333,0.001254,0.002501,0.383333,0.001254,0.002501,0.383333,0.001254,0.002501
крен,1,1,0.152862,0.0,0.0,0.0,0.0,0.0,0.0,0.0,0.0,0.0
крен,5,5,0.223307,0.0,0.0,0.0,0.0,0.0,0.0,0.0,0.0,0.0
крен,10,10,0.223656,0.0,0.0,0.0,0.0,0.0,0.0,0.0,0.0,0.0
крен,20,20,0.223914,0.0,0.0,0.0,0.0,0.0,0.0,0.0,0.0,0.0
крен,50,50,0.22426,0.0,0.0,0.0,0.0,0.0,0.0,0.0,0.0,0.0
крен,100,100,0.224578,0.0,0.0,0.0,0.0,0.0,0.0,0.0,0.0,0.0
крен,200,200,0.224909,0.0,0.0,0.0,0.0,0.0,0.0,0.0,0.0,0.0
крупу,1,1,0.112668,0.0625,1.0,0.117647,0.0625,1.0,0.117647,0.0625,1.0,0.117647
крупу,5,5,0.669224,0.6875,0.47152,0.559386,0.6875,0.47152,0.559386,0.6875,0.47152,0.559386
крупу,10,10,0.737012,0.6875,0.388493,0.496451,0.6875,0.388493,0.496451,0.6875,0.388493,0.496451
крупу,20,20,0.750085,0.6875,0.276653,0.394541,0.6875,0.276653,0.394541,0.6875,0.276653,0.394541
крупу,50,50,0.791056,0.6875,0.205981,0.316989,0.6875,0.205981,0.316989,0.6875,0.205981,0.316989
крупу,100,100,0.7923,1.0,0.172068,0.293615,1.0,0.172068,0.293615,1.0,0.172068,0.293615
крупу,200,200,0.79262,1.0,0.156421,0.270525,1.0,0.156421,0.270525,1.0,0.156421,0.270525
крыши,1,1,0.225671,0.0,0.0,0.0,0.0,0.0,0.0,0.0,0.0,0.0
крыши,5,5,0.227013,0.117647,0.001507,0.002975,0.117647,0.001507,0.002975,0.117647,0.001507,0.002975
крыши,10,10,0.227867,0.176471,0.002235,0.004414,0.176471,0.002235,0.004414,0.176471,0.002235,0.004414
крыши,20,20,0.228637,0.176471,0.002226,0.004397,0.176471,0.002226,0.004397,0.176471,0.002226,0.004397
крыши,50,50,0.230083,0.176471,0.002701,0.005321,0.176471,0.002701,0.005321,0.176471,0.002701,0.005321
крыши,100,100,0.231204,0.294118,0.002931,0.005805,0.294118,0.002931,0.005805,0.294118,0.002931,0.005805
крыши,200,200,0.231947,0.352941,0.002961,0.005872,0.352941,0.002961,0.005872,0.352941,0.002961,0.005872
купон,1,1,0.254057,0.0,0.0,0.0,0.0,0.0,0.0,0.0,0.0,0.0
купон,5,5,0.258396,0.333333,0.00981,0.019059,0.333333,0.00981,0.019059,0.333333,0.00981,0.019059
купон,10,10,0.25996,0.333333,0.009764,0.018972,0.333333,0.009764,0.018972,0.333333,0.009764,0.018972
купон,20,20,0.261978,0.333333,0.011088,0.021462,0.333333,0.011088,0.021462,0.333333,0.011088,0.021462
купон,50,50,0.264048,0.333333,0.011202,0.021676,0.333333,0.011202,0.021676,0.333333,0.011202,0.021676
купон,100,100,0.265889,0.866667,0.011616,0.022925,0.866667,0.011616,0.022925,0.866667,0.011616,0.022925
купон,200,200,0.267509,0.933333,0.011869,0.023441,0.933333,0.011869,0.023441,0.933333,0.011869,0.023441
лед,1,1,0.504014,0.053097,1.0,0.10084,0.053097,1.0,0.10084,0.053097,1.0,0.10084
лед,5,5,0.80219,0.362832,0.474065,0.411056,0.362832,0.474065,0.411056,0.362832,0.474065,0.411056
лед,10,10,0.803365,0.371681,0.386114,0.37876,0.371681,0.386114,0.37876,0.371681,0.386114,0.37876
лед,20,20,0.808244,0.371681,0.275988,0.316766,0.371681,0.275988,0.316766,0.371681,0.275988,0.316766
лед,50,50,0.819699,0.442478,0.2299,0.302585,0.442478,0.2299,0.302585,0.442478,0.2299,0.302585
лед,100,100,0.81757,0.451327,0.183029,0.26044,0.451327,0.183029,0.26044,0.451327,0.183029,0.26044
лед,200,189,0.816205,0.477876,0.174796,0.255965,0.477876,0.174796,0.255965,0.477876,0.174796,0.255965
лес,1,1,0.463667,0.0,0.0,0.0,0.0,0.0,0.0,0.0,0.0,0.0
лес,5,5,0.479856,0.0,0.0,0.0,0.0,0.0,0.0,0.0,0.0,0.0
лес,10,10,0.480459,0.0,0.0,0.0,0.0,0.0,0.0,0.0,0.0,0.0
лес,20,20,0.480866,0.0,0.0,0.0,0.0,0.0,0.0,0.0,0.0,0.0
лес,50,50,0.482172,0.797619,0.000252,0.000505,0.797619,0.000252,0.000505,0.797619,0.000252,0.000505
лес,100,100,0.482933,0.833333,0.000373,0.000745,0.833333,0.000373,0.000745,0.833333,0.000373,0.000745
лес,200,200,0.483503,0.857143,0.000458,0.000916,0.857143,0.000458,0.000916,0.857143,0.000458,0.000916
лестнице,1,1,0.060654,0.0,0.0,0.0,0.0,0.0,0.0,0.0,0.0,0.0
лестнице,5,5,0.233454,0.066667,0.000995,0.001962,0.066667,0.000995,0.001962,0.066667,0.000995,0.001962
лестнице,10,10,0.233674,0.066667,0.000994,0.001959,0.066667,0.000994,0.001959,0.066667,0.000994,0.001959
лестнице,20,20,0.234055,0.183333,0.001101,0.002188,0.183333,0.001101,0.002188,0.183333,0.001101,0.002188
лестнице,50,50,0.234356,0.2,0.00114,0.002267,0.2,0.00114,0.002267,0.2,0.00114,0.002267
лестнице,100,100,0.234778,0.2,0.001211,0.002407,0.2,0.001211,0.002407,0.2,0.001211,0.002407
лестнице,200,200,0.235016,0.8,0.001246,0.002488,0.266667,0.001246,0.00248,0.266667,0.001246,0.00248
летела,1,1,0.178427,0.0,0.0,0.0,0.0,0.0,0.0,0.0,0.0,0.0
летела,5,5,0.180171,0.07,0.000695,0.001376,0.07,0.000695,0.001376,0.07,0.000695,0.001376
летела,10,10,0.180686,0.07,0.001041,0.002051,0.07,0.001041,0.002051,0.07,0.001041,0.002051
летела,20,20,0.181074,0.07,0.001038,0.002046,0.07,0.001038,0.002046,0.07,0.001038,0.002046
летела,50,50,0.181785,0.16,0.001332,0.002641,0.16,0.001332,0.002641,0.16,0.001332,0.002641
летела,100,100,0.182399,0.16,0.001328,0.002634,0.16,0.001328,0.002634,0.16,0.001328,0.002634
летела,200,200,0.183037,0.18,0.001446,0.002869,0.17,0.001429,0.002833,0.17,0.001429,0.002833
летом,1,1,0.171561,0.0,0.0,0.0,0.0,0.0,0.0,0.0,0.0,0.0
летом,5,5,0.196522,0.0,0.0,0.0,0.0,0.0,0.0,0.0,0.0,0.0
летом,10,10,0.196824,0.0,0.0,0.0,0.0,0.0,0.0,0.0,0.0,0.0
летом,20,20,0.197313,0.5,0.000332,0.000663,0.5,0.000332,0.000663,0.5,0.000332,0.000663
летом,50,50,0.19803,0.5,0.000331,0.000661,0.5,0.000331,0.000661,0.5,0.000331,0.000661
летом,100,100,0.198715,0.5,0.00033,0.000659,0.5,0.00033,0.000659,0.5,0.00033,0.000659
летом,200,200,0.199407,0.5,0.000329,0.000657,0.5,0.000329,0.000657,0.5,0.000329,0.000657
лис,1,1,0.208888,0.0,0.0,0.0,0.0,0.0,0.0,0.0,0.0,0.0
лис,5,5,0.212235,0.066667,0.004426,0.008301,0.066667,0.004426,0.008301,0.066667,0.004426,0.008301
лис,10,10,0.213594,0.085714,0.005347,0.010066,0.085714,0.005347,0.010066,0.085714,0.005347,0.010066
лис,20,20,0.215132,0.171429,0.006814,0.013107,0.171429,0.006814,0.013107,0.171429,0.006814,0.013107
лис,50,50,0.21745,0.228571,0.007591,0.014695,0.209524,0.007591,0.014652,0.209524,0.007591,0.014652
лис,100,100,0.219986,0.542857,0.008691,0.017108,0.52381,0.008691,0.017098,0.52381,0.008691,0.017098
лис,200,200,0.222259,0.838095,0.008894,0.017601,0.838095,0.008837,0.01749,0.838095,0.008837,0.01749
лом,1,1,0.239187,0.0,0.0,0.0,0.0,0.0,0.0,0.0,0.0,0.0
лом,5,5,0.466741,0.0,0.0,0.0,0.0,0.0,0.0,0.0,0.0,0.0
лом,10,10,0.467761,0.016667,0.00035,0.000685,0.016667,0.00035,0.000685,0.016667,0.00035,0.000685
лом,20,20,0.468689,0.166667,0.000827,0.001646,0.166667,0.000827,0.001646,0.166667,0.000827,0.001646
лом,50,50,0.469954,0.35,0.000993,0.00198,0.35,0.000993,0.00198,0.35,0.000993,0.00198
лом,100,100,0.470712,0.616667,0.001027,0.002051,0.616667,0.001027,0.002051,0.616667,0.001027,0.002051
лом,200,200,0.471389,0.683333,0.00112,0.002236,0.683333,0.00112,0.002236,0.683333,0.00112,0.002236
лопоухая,1,1,0.446695,0.0,0.0,0.0,0.0,0.0,0.0,0.0,0.0,0.0
лопоухая,5,5,0.44769,0.086957,0.002373,0.00462,0.086957,0.002373,0.00462,0.086957,0.002373,0.00462
лопоухая,10,10,0.44808,0.086957,0.002369,0.004612,0.086957,0.002369,0.004612,0.086957,0.002369,0.004612
лопоухая,20,20,0.448641,0.086957,0.002364,0.004602,0.086957,0.002364,0.004602,0.086957,0.002364,0.004602
лопоухая,50,50,0.44945,0.173913,0.003022,0.005941,0.130435,0.002773,0.005431,0.130435,0.002773,0.005431
лопоухая,100,100,0.449945,0.173913,0.003015,0.005926,0.130435,0.002766,0.005417,0.130435,0.002766,0.005417
лопоухая,200,200,0.450444,0.347826,0.003092,0.006129,0.26087,0.002828,0.005594,0.26087,0.002828,0.005594
мазь,1,1,0.322103,0.0,0.0,0.0,0.0,0.0,0.0,0.0,0.0,0.0
мазь,5,5,0.333148,0.888889,0.004821,0.009589,0.888889,0.004821,0.009589,0.888889,0.004821,0.009589
мазь,10,10,0.334609,0.888889,0.004805,0.009558,0.888889,0.004805,0.009558,0.888889,0.004805,0.009558
мазь,20,20,0.335136,0.888889,0.004792,0.009533,0.888889,0.004792,0.009533,0.888889,0.004792,0.009533
мазь,50,50,0.335876,0.944444,0.004841,0.009632,0.944444,0.004841,0.009632,0.944444,0.004841,0.009632
мазь,100,100,0.336355,0.944444,0.00483,0.009611,0.944444,0.00483,0.009611,0.944444,0.00483,0.009611
мазь,200,200,0.336636,0.944444,0.004827,0.009604,0.944444,0.004827,0.009604,0.944444,0.004827,0.009604
микробы,1,1,0.112427,0.0,0.0,0.0,0.0,0.0,0.0,0.0,0.0,0.0
микробы,5,5,0.238557,0.0,0.0,0.0,0.0,0.0,0.0,0.0,0.0,0.0
микробы,10,10,0.238691,0.0,0.0,0.0,0.0,0.0,0.0,0.0,0.0,0.0
микробы,20,20,0.238847,0.0,0.0,0.0,0.0,0.0,0.0,0.0,0.0,0.0
микробы,50,50,0.239112,0.006803,2.4e-05,4.7e-05,0.006803,2.4e-05,4.7e-05,0.006803,2.4e-05,4.7e-05
микробы,100,100,0.23931,0.027211,4.1e-05,8.2e-05,0.027211,4.1e-05,8.2e-05,0.027211,4.1e-05,8.2e-05
микробы,200,200,0.239475,0.088435,6e-05,0.000121,0.088435,6e-05,0.000121,0.088435,6e-05,0.000121
миссионеры,1,1,0.228777,0.0,0.0,0.0,0.0,0.0,0.0,0.0,0.0,0.0
миссионеры,5,5,0.229486,0.0,0.0,0.0,0.0,0.0,0.0,0.0,0.0,0.0
миссионеры,10,10,0.229976,0.0,0.0,0.0,0.0,0.0,0.0,0.0,0.0,0.0
миссионеры,20,20,0.230742,0.0,0.0,0.0,0.0,0.0,0.0,0.0,0.0,0.0
миссионеры,50,50,0.231394,0.0,0.0,0.0,0.0,0.0,0.0,0.0,0.0,0.0
миссионеры,100,100,0.232216,0.466667,0.000102,0.000205,0.466667,0.000102,0.000205,0.466667,0.000102,0.000205
миссионеры,200,200,0.232847,0.466667,0.000102,0.000204,0.466667,0.000102,0.000204,0.466667,0.000102,0.000204
молоко,1,1,0.414746,0.0,0.0,0.0,0.0,0.0,0.0,0.0,0.0,0.0
молоко,5,5,0.471452,0.0,0.0,0.0,0.0,0.0,0.0,0.0,0.0,0.0
молоко,10,10,0.471502,0.0,0.0,0.0,0.0,0.0,0.0,0.0,0.0,0.0
молоко,20,20,0.471566,0.0,0.0,0.0,0.0,0.0,0.0,0.0,0.0,0.0
молоко,50,50,0.471716,0.142857,2.1e-05,4.2e-05,0.142857,2.1e-05,4.2e-05,0.142857,2.1e-05,4.2e-05
молоко,100,100,0.471851,0.142857,3.3e-05,6.5e-05,0.142857,3.3e-05,6.5e-05,0.142857,3.3e-05,6.5e-05
молоко,200,200,0.471933,0.142857,3.3e-05,6.5e-05,0.142857,3.3e-05,6.5e-05,0.142857,3.3e-05,6.5e-05
мопед,1,1,0.18925,0.0,0.0,0.0,0.0,0.0,0.0,0.0,0.0,0.0
мопед,5,5,0.33608,0.071429,0.000265,0.000529,0.071429,0.000265,0.000529,0.071429,0.000265,0.000529
мопед,10,10,0.336203,0.071429,0.000265,0.000529,0.071429,0.000265,0.000529,0.071429,0.000265,0.000529
мопед,20,20,0.336319,0.071429,0.000265,0.000528,0.071429,0.000265,0.000528,0.071429,0.000265,0.000528
мопед,50,50,0.336641,0.214286,0.000324,0.000646,0.214286,0.000324,0.000646,0.214286,0.000324,0.000646
мопед,100,100,0.336907,0.642857,0.00037,0.000739,0.642857,0.00037,0.000739,0.642857,0.00037,0.000739
мопед,200,200,0.337113,0.714286,0.000409,0.000817,0.642857,0.000389,0.000778,0.642857,0.000376,0.000752
мужу,1,1,0.279641,0.0,0.0,0.0,0.0,0.0,0.0,0.0,0.0,0.0
мужу,5,5,0.356721,0.0,0.0,0.0,0.0,0.0,0.0,0.0,0.0,0.0
мужу,10,10,0.35528,0.0,0.0,0.0,0.0,0.0,0.0,0.0,0.0,0.0
мужу,20,20,0.355501,0.525,0.000159,0.000318,0.525,0.000159,0.000318,0.525,0.000159,0.000318
мужу,50,50,0.355664,0.575,0.000203,0.000405,0.575,0.000203,0.000405,0.575,0.000203,0.000405
мужу,100,100,0.355762,0.575,0.000217,0.000434,0.575,0.000217,0.000434,0.575,0.000217,0.000434
мужу,200,200,0.355842,0.6,0.000224,0.000449,0.6,0.000224,0.000449,0.6,0.000224,0.000449
мяли,1,1,0.267406,0.0,0.0,0.0,0.0,0.0,0.0,0.0,0.0,0.0
мяли,5,5,0.472613,0.0,0.0,0.0,0.0,0.0,0.0,0.0,0.0,0.0
мяли,10,10,0.473216,0.071429,0.000296,0.00059,0.071429,0.000296,0.00059,0.071429,0.000296,0.00059
мяли,20,20,0.473759,0.142857,0.000471,0.000938,0.142857,0.000471,0.000938,0.142857,0.000471,0.000938
мяли,50,50,0.474464,0.357143,0.000607,0.001212,0.357143,0.000607,0.001212,0.357143,0.000607,0.001212
мяли,100,100,0.474938,0.357143,0.000606,0.00121,0.357143,0.000606,0.00121,0.357143,0.000606,0.00121
мяли,200,200,0.475332,0.357143,0.000605,0.001208,0.357143,0.000605,0.001208,0.357143,0.000605,0.001208
называют,1,1,0.179499,0.0,0.0,0.0,0.0,0.0,0.0,0.0,0.0,0.0
называют,5,5,0.290995,0.0,0.0,0.0,0.0,0.0,0.0,0.0,0.0,0.0
называют,10,10,0.29127,0.6,0.00012,0.00024,0.6,0.00012,0.00024,0.6,0.00012,0.00024
называют,20,20,0.291433,0.6,0.00012,0.00024,0.6,0.00012,0.00024,0.6,0.00012,0.00024
называют,50,50,0.291657,0.6,0.00012,0.000239,0.6,0.00012,0.000239,0.6,0.00012,0.000239
называют,100,100,0.291833,0.6,0.00012,0.000239,0.6,0.00012,0.000239,0.6,0.00012,0.000239
называют,200,200,0.292024,0.6,0.000119,0.000239,0.6,0.000119,0.000239,0.6,0.000119,0.000239
напряжение,1,1,0.286785,0.0,0.0,0.0,0.0,0.0,0.0,0.0,0.0,0.0
напряжение,5,5,0.301184,0.307692,0.000934,0.001863,0.307692,0.000934,0.001863,0.307692,0.000934,0.001863
напряжение,10,10,0.302349,0.307692,0.000932,0.001858,0.307692,0.000932,0.001858,0.307692,0.000932,0.001858
напряжение,20,20,0.303492,0.307692,0.000929,0.001852,0.307692,0.000929,0.001852,0.307692,0.000929,0.001852
напряжение,50,50,0.304704,0.538462,0.001043,0.002081,0.538462,0.001043,0.002081,0.538462,0.001043,0.002081
напряжение,100,100,0.305682,0.692308,0.001128,0.002252,0.692308,0.001128,0.002252,0.692308,0.001128,0.002252
напряжение,200,200,0.306262,0.692308,0.001162,0.002321,0.692308,0.001162,0.002321,0.692308,0.001162,0.002321
неопытным,1,1,0.204688,0.0,0.0,0.0,0.0,0.0,0.0,0.0,0.0,0.0
неопытным,5,5,0.603865,0.0,0.0,0.0,0.0,0.0,0.0,0.0,0.0,0.0
неопытным,10,10,0.632111,0.0,0.0,0.0,0.0,0.0,0.0,0.0,0.0,0.0
неопытным,20,20,0.685308,0.0,0.0,0.0,0.0,0.0,0.0,0.0,0.0,0.0
неопытным,50,50,0.75007,0.133333,0.040484,0.062109,0.133333,0.040484,0.062109,0.133333,0.040484,0.062109
неопытным,100,100,0.774572,0.2,0.04188,0.069258,0.2,0.04188,0.069258,0.2,0.04188,0.069258
неопытным,200,200,0.792033,0.2,0.036971,0.062406,0.2,0.036971,0.062406,0.2,0.036971,0.062406
несчастные,1,1,0.269396,0.0,0.0,0.0,0.0,0.0,0.0,0.0,0.0,0.0
несчастные,5,5,0.267045,0.571429,0.001366,0.002725,0.571429,0.001366,0.002725,0.571429,0.001366,0.002725
несчастные,10,10,0.267639,0.571429,0.001364,0.002722,0.571429,0.001364,0.002722,0.571429,0.001364,0.002722
несчастные,20,20,0.267868,1.0,0.001452,0.002901,1.0,0.001452,0.002901,1.0,0.001452,0.002901
несчастные,50,50,0.268045,1.0,0.001452,0.002899,1.0,0.001452,0.002899,1.0,0.001452,0.002899
несчастные,100,100,0.26818,1.0,0.001451,0.002898,1.0,0.001451,0.002898,1.0,0.001451,0.002898
несчастные,200,200,0.26826,1.0,0.00145,0.002897,1.0,0.00145,0.002897,1.0,0.00145,0.002897
неявное,1,1,0.338901,0.0,0.0,0.0,0.0,0.0,0.0,0.0,0.0,0.0
неявное,5,5,0.33976,0.0,0.0,0.0,0.0,0.0,0.0,0.0,0.0,0.0
неявное,10,10,0.340283,0.010526,0.000809,0.001503,0.010526,0.000425,0.000818,0.010526,0.000425,0.000818
неявное,20,20,0.341229,0.294737,0.001775,0.003528,0.294737,0.001392,0.00277,0.294737,0.001392,0.00277
неявное,50,50,0.342527,0.315789,0.002302,0.004571,0.315789,0.001921,0.003819,0.315789,0.001921,0.003819
неявное,100,100,0.343694,0.378947,0.002804,0.005567,0.378947,0.002425,0.004819,0.378947,0.002425,0.004819
неявное,200,200,0.344711,0.421053,0.002983,0.005924,0.421053,0.002605,0.005178,0.421053,0.002605,0.005178
новой,1,1,0.169944,0.0,0.0,0.0,0.0,0.0,0.0,0.0,0.0,0.0
новой,5,5,0.316333,0.0,0.0,0.0,0.0,0.0,0.0,0.0,0.0,0.0
новой,10,10,0.316726,0.0,0.0,0.0,0.0,0.0,0.0,0.0,0.0,0.0
новой,20,20,0.317094,0.0,0.0,0.0,0.0,0.0,0.0,0.0,0.0,0.0
новой,50,50,0.31774,0.111111,0.000128,0.000255,0.111111,0.000128,0.000255,0.111111,0.000128,0.000255
новой,100,100,0.318212,0.166667,0.000152,0.000304,0.166667,0.000152,0.000304,0.166667,0.000152,0.000304
новой,200,200,0.318539,0.388889,0.00016,0.00032,0.388889,0.00016,0.00032,0.388889,0.00016,0.00032
ноев,1,1,0.366694,0.0,0.0,0.0,0.0,0.0,0.0,0.0,0.0,0.0
ноев,5,5,0.504609,0.0,0.0,0.0,0.0,0.0,0.0,0.0,0.0,0.0
ноев,10,10,0.504836,0.027778,0.000241,0.000478,0.027778,0.000241,0.000478,0.027778,0.000241,0.000478
ноев,20,20,0.505035,0.027778,0.000396,0.00078,0.027778,0.000396,0.00078,0.027778,0.000396,0.00078
ноев,50,50,0.505377,0.055556,0.000458,0.000909,0.055556,0.000458,0.000909,0.055556,0.000458,0.000909
ноев,100,100,0.505696,0.25,0.000517,0.001033,0.25,0.000517,0.001033,0.25,0.000517,0.001033
ноев,200,200,0.50599,0.305556,0.000582,0.001161,0.277778,0.000563,0.001124,0.277778,0.000563,0.001124
ножа,1,1,0.293896,0.0,0.0,0.0,0.0,0.0,0.0,0.0,0.0,0.0
ножа,5,5,0.294128,0.0,0.0,0.0,0.0,0.0,0.0,0.0,0.0,0.0
ножа,10,10,0.294293,0.0,0.0,0.0,0.0,0.0,0.0,0.0,0.0,0.0
ножа,20,20,0.294478,0.007752,0.000115,0.000227,0.007752,0.000115,0.000227,0.007752,0.000115,0.000227
ножа,50,50,0.294842,0.085271,0.000246,0.00049,0.069767,0.000246,0.00049,0.069767,0.000246,0.00049
ножа,100,100,0.295076,0.55814,0.000305,0.000609,0.542636,0.000305,0.000609,0.542636,0.000305,0.000609
ножа,200,200,0.295166,0.55814,0.000309,0.000617,0.542636,0.000309,0.000617,0.542636,0.000309,0.000617
нюх,1,1,0.207079,0.0,0.0,0.0,0.0,0.0,0.0,0.0,0.0,0.0
нюх,5,5,0.251494,0.235955,0.003325,0.006557,0.235955,0.003325,0.006557,0.235955,0.003325,0.006557
нюх,10,10,0.252908,0.235955,0.003308,0.006525,0.235955,0.003308,0.006525,0.235955,0.003308,0.006525
нюх,20,20,0.254469,0.235955,0.003286,0.006482,0.235955,0.003286,0.006482,0.235955,0.003286,0.006482
нюх,50,50,0.257659,0.58427,0.003966,0.007879,0.58427,0.003966,0.007879,0.58427,0.003966,0.007879
нюх,100,100,0.260089,0.629213,0.004295,0.008533,0.629213,0.004295,0.008533,0.629213,0.004295,0.008533
нюх,200,200,0.262023,0.674157,0.004318,0.008582,0.674157,0.004318,0.008582,0.674157,0.004318,0.008582
обгорели,1,1,0.149433,0.0,0.0,0.0,0.0,0.0,0.0,0.0,0.0,0.0
обгорели,5,5,0.183708,0.85,0.000232,0.000463,0.85,0.000232,0.000463,0.85,0.000232,0.000463
обгорели,10,10,0.183852,0.95,0.000358,0.000715,0.95,0.000358,0.000715,0.95,0.000358,0.000715
обгорели,20,20,0.183987,0.95,0.000357,0.000714,0.95,0.000357,0.000714,0.95,0.000357,0.000714
обгорели,50,50,0.184181,0.95,0.000357,0.000713,0.95,0.000357,0.000713,0.95,0.000357,0.000713
обгорели,100,100,0.184336,0.95,0.000356,0.000712,0.95,0.000356,0.000712,0.95,0.000356,0.000712
обгорели,200,200,0.18444,0.95,0.000356,0.000712,0.95,0.000356,0.000712,0.95,0.000356,0.000712
обнаружена,1,1,0.13463,0.0,0.0,0.0,0.0,0.0,0.0,0.0,0.0,0.0
обнаружена,5,5,0.216464,0.0,0.0,0.0,0.0,0.0,0.0,0.0,0.0,0.0
обнаружена,10,10,0.21723,0.0,0.0,0.0,0.0,0.0,0.0,0.0,0.0,0.0
обнаружена,20,20,0.217834,0.0,0.0,0.0,0.0,0.0,0.0,0.0,0.0,0.0
обнаружена,50,50,0.218574,0.0,0.0,0.0,0.0,0.0,0.0,0.0,0.0,0.0
обнаружена,100,100,0.219114,0.0,0.0,0.0,0.0,0.0,0.0,0.0,0.0,0.0
обнаружена,200,200,0.219748,0.02,2.8e-05,5.5e-05,0.02,2.8e-05,5.5e-05,0.02,2.8e-05,5.5e-05
обстановка,1,1,0.169667,0.0,0.0,0.0,0.0,0.0,0.0,0.0,0.0,0.0
обстановка,5,5,0.253616,0.785714,0.027544,0.053222,0.785714,0.027544,0.053222,0.785714,0.027544,0.053222
обстановка,10,10,0.254556,0.928571,0.02807,0.054493,0.928571,0.02807,0.054493,0.928571,0.02807,0.054493
обстановка,20,20,0.255149,1.0,0.028501,0.055423,1.0,0.028501,0.055423,1.0,0.028501,0.055423
обстановка,50,50,0.255459,1.0,0.028463,0.055351,1.0,0.028463,0.055351,1.0,0.028463,0.055351
обстановка,100,100,0.255674,1.0,0.02848,0.055383,1.0,0.02848,0.055383,1.0,0.02848,0.055383
обстановка,200,200,0.25586,1.0,0.028476,0.055375,1.0,0.028476,0.055375,1.0,0.028476,0.055375
обществе,1,1,0.334025,0.0,0.0,0.0,0.0,0.0,0.0,0.0,0.0,0.0
обществе,5,5,0.335867,0.882353,0.001136,0.002268,0.882353,0.001136,0.002268,0.882353,0.001136,0.002268
обществе,10,10,0.336409,0.941176,0.001609,0.003213,0.941176,0.001609,0.003213,0.941176,0.001609,0.003213
обществе,20,20,0.337473,0.941176,0.002229,0.004447,0.941176,0.002229,0.004447,0.941176,0.002229,0.004447
обществе,50,50,0.338089,0.941176,0.002217,0.004423,0.941176,0.002217,0.004423,0.941176,0.002217,0.004423
обществе,100,100,0.338778,0.941176,0.002422,0.004833,0.941176,0.002422,0.004833,0.941176,0.002422,0.004833
обществе,200,200,0.33923,0.941176,0.002531,0.005049,0.941176,0.002531,0.005049,0.941176,0.002531,0.005049
одинаковые,1,1,0.173177,0.0,0.0,0.0,0.0,0.0,0.0,0.0,0.0,0.0
одинаковые,5,5,0.25685,0.0,0.0,0.0,0.0,0.0,0.0,0.0,0.0,0.0
одинаковые,10,10,0.257194,0.0,0.0,0.0,0.0,0.0,0.0,0.0,0.0,0.0
одинаковые,20,20,0.257399,0.0,0.0,0.0,0.0,0.0,0.0,0.0,0.0,0.0
одинаковые,50,50,0.257777,0.0,0.0,0.0,0.0,0.0,0.0,0.0,0.0,0.0
одинаковые,100,100,0.258112,0.071429,2.5e-05,5e-05,0.071429,2.5e-05,5e-05,0.071429,2.5e-05,5e-05
одинаковые,200,200,0.258427,0.071429,2.5e-05,5e-05,0.071429,2.5e-05,5e-05,0.071429,2.5e-05,5e-05
омоет,1,1,0.148048,0.0,0.0,0.0,0.0,0.0,0.0,0.0,0.0,0.0
омоет,5,5,0.149354,0.125,0.000866,0.00172,0.125,0.000866,0.00172,0.125,0.000866,0.00172
омоет,10,10,0.150449,0.25,0.001627,0.003233,0.25,0.001627,0.003233,0.25,0.001627,0.003233
омоет,20,20,0.152086,0.5,0.002186,0.004353,0.5,0.002186,0.004353,0.5,0.002186,0.004353
омоет,50,50,0.153605,0.5,0.002165,0.004312,0.5,0.002165,0.004312,0.5,0.002165,0.004312
омоет,100,100,0.154769,0.5,0.00215,0.004282,0.5,0.00215,0.004282,0.5,0.00215,0.004282
омоет,200,200,0.155752,0.625,0.002196,0.004378,0.625,0.002196,0.004378,0.625,0.002196,0.004378
орехового,1,1,0.135341,0.0,0.0,0.0,0.0,0.0,0.0,0.0,0.0,0.0
орехового,5,5,0.135951,0.0,0.0,0.0,0.0,0.0,0.0,0.0,0.0,0.0
орехового,10,10,0.136322,0.0,0.0,0.0,0.0,0.0,0.0,0.0,0.0,0.0
орехового,20,20,0.136885,0.0,0.0,0.0,0.0,0.0,0.0,0.0,0.0,0.0
орехового,50,50,0.137686,0.0,0.0,0.0,0.0,0.0,0.0,0.0,0.0,0.0
орехового,100,100,0.138378,0.0,0.0,0.0,0.0,0.0,0.0,0.0,0.0,0.0
орехового,200,200,0.138997,0.017544,4.8e-05,9.6e-05,0.017544,4.8e-05,9.6e-05,0.017544,4.8e-05,9.6e-05
осы,1,1,0.231006,0.0,0.0,0.0,0.0,0.0,0.0,0.0,0.0,0.0
осы,5,5,0.231538,0.0,0.0,0.0,0.0,0.0,0.0,0.0,0.0,0.0
осы,10,10,0.231811,0.05,0.00023,0.000458,0.05,0.00023,0.000458,0.05,0.00023,0.000458
осы,20,20,0.232245,0.316667,0.000414,0.000827,0.316667,0.000414,0.000827,0.316667,0.000414,0.000827
осы,50,50,0.233078,0.616667,0.000604,0.001207,0.616667,0.000604,0.001207,0.616667,0.000604,0.001207
осы,100,100,0.233842,0.683333,0.000695,0.001389,0.666667,0.000645,0.001289,0.666667,0.000645,0.001289
осы,200,200,0.234338,0.683333,0.000722,0.001442,0.666667,0.000672,0.001342,0.666667,0.000672,0.001342
отдельная,1,1,0.216378,0.0,0.0,0.0,0.0,0.0,0.0,0.0,0.0,0.0
отдельная,5,5,0.323578,0.0,0.0,0.0,0.0,0.0,0.0,0.0,0.0,0.0
отдельная,10,10,0.323805,0.0,0.0,0.0,0.0,0.0,0.0,0.0,0.0,0.0
отдельная,20,20,0.324116,0.0,0.0,0.0,0.0,0.0,0.0,0.0,0.0,0.0
отдельная,50,50,0.324703,0.285714,8e-05,0.000159,0.285714,8e-05,0.000159,0.285714,8e-05,0.000159
отдельная,100,100,0.325125,0.357143,0.00011,0.000219,0.357143,0.00011,0.000219,0.357143,0.00011,0.000219
отдельная,200,200,0.325447,0.428571,0.000122,0.000245,0.428571,0.000122,0.000245,0.428571,0.000122,0.000245
открытая,1,1,0.433669,0.0,0.0,0.0,0.0,0.0,0.0,0.0,0.0,0.0
открытая,5,5,0.437174,0.868852,0.00249,0.004966,0.868852,0.00249,0.004966,0.868852,0.00249,0.004966
открытая,10,10,0.437633,0.868852,0.002481,0.004948,0.868852,0.002481,0.004948,0.868852,0.002481,0.004948
открытая,20,20,0.438945,0.868852,0.002471,0.004927,0.868852,0.002471,0.004927,0.868852,0.002471,0.004927
открытая,50,50,0.441038,0.885246,0.002986,0.005952,0.885246,0.002744,0.005471,0.885246,0.002744,0.005471
открытая,100,100,0.442266,0.934426,0.003058,0.006097,0.934426,0.002818,0.005618,0.934426,0.002818,0.005618
открытая,200,200,0.443215,0.983607,0.00311,0.0062,0.983607,0.00287,0.005723,0.983607,0.00287,0.005723
пахучим,1,1,0.523739,0.0,0.0,0.0,0.0,0.0,0.0,0.0,0.0,0.0
пахучим,5,5,0.56988,0.465909,0.06502,0.114115,0.465909,0.06502,0.114115,0.465909,0.06502,0.114115
пахучим,10,10,0.580892,0.681818,0.074193,0.133824,0.681818,0.074193,0.133824,0.681818,0.074193,0.133824
пахучим,20,20,0.592308,0.886364,0.074111,0.136786,0.886364,0.074111,0.136786,0.886364,0.074111,0.136786
пахучим,50,50,0.596943,0.886364,0.073836,0.136317,0.886364,0.073836,0.136317,0.886364,0.073836,0.136317
пахучим,100,100,0.598954,0.897727,0.073506,0.135885,0.897727,0.07337,0.135653,0.897727,0.07337,0.135653
пахучим,200,170,0.59969,0.897727,0.073422,0.135741,0.897727,0.073212,0.135383,0.897727,0.073212,0.135383
пластмассы,1,1,0.194931,0.0,0.0,0.0,0.0,0.0,0.0,0.0,0.0,0.0
пластмассы,5,5,0.215251,0.083333,0.019363,0.031425,0.083333,0.019363,0.031425,0.083333,0.019363,0.031425
пластмассы,10,10,0.216988,0.333333,0.020487,0.038602,0.333333,0.020487,0.038602,0.333333,0.020487,0.038602
пластмассы,20,20,0.220387,0.75,0.021081,0.04101,0.75,0.021081,0.04101,0.75,0.021081,0.04101
пластмассы,50,50,0.223735,0.75,0.020859,0.040588,0.75,0.020859,0.040588,0.75,0.020859,0.040588
пластмассы,100,100,0.225847,0.75,0.020833,0.040539,0.75,0.020833,0.040539,0.75,0.020833,0.040539
пластмассы,200,200,0.227053,0.75,0.020886,0.04064,0.75,0.020886,0.04064,0.75,0.020886,0.04064
повторили,1,1,0.648312,0.2,1.0,0.333333,0.2,1.0,0.333333,0.2,1.0,0.333333
повторили,5,5,0.633496,0.2,0.390453,0.264511,0.2,0.390453,0.264511,0.2,0.390453,0.264511
повторили,10,10,0.754612,0.533333,0.401414,0.458065,0.533333,0.401414,0.458065,0.533333,0.401414,0.458065
повторили,20,20,0.764769,0.666667,0.344324,0.454108,0.666667,0.344324,0.454108,0.666667,0.344324,0.454108
повторили,50,50,0.799397,0.8,0.242616,0.372319,0.8,0.242616,0.372319,0.8,0.242616,0.372319
повторили,100,100,0.803957,0.933333,0.211046,0.34425,0.933333,0.211046,0.34425,0.933333,0.211046,0.34425
повторили,200,127,0.805146,0.933333,0.210354,0.343329,0.933333,0.210354,0.343329,0.933333,0.210354,0.343329
подвинул,1,1,0.13205,0.0,0.0,0.0,0.0,0.0,0.0,0.0,0.0,0.0
подвинул,5,5,0.136995,0.076923,0.006288,0.011625,0.076923,0.006288,0.011625,0.076923,0.006288,0.011625
подвинул,10,10,0.139404,0.076923,0.006243,0.011548,0.076923,0.006243,0.011548,0.076923,0.006243,0.011548
подвинул,20,20,0.140938,0.076923,0.006206,0.011485,0.076923,0.006206,0.011485,0.076923,0.006206,0.011485
подвинул,50,50,0.143481,0.076923,0.006153,0.011395,0.076923,0.006153,0.011395,0.076923,0.006153,0.011395
подвинул,100,100,0.145407,0.076923,0.006109,0.011319,0.076923,0.006109,0.011319,0.076923,0.006109,0.011319
подвинул,200,200,0.147239,0.153846,0.00618,0.011882,0.153846,0.00618,0.011882,0.153846,0.00618,0.011882
подруга,1,1,0.198954,0.0,0.0,0.0,0.0,0.0,0.0,0.0,0.0,0.0
подруга,5,5,0.54321,0.105263,0.322876,0.158766,0.052632,0.322876,0.090509,0.052632,0.322876,0.090509
подруга,10,10,0.622425,0.105263,0.21342,0.140988,0.052632,0.21342,0.084439,0.052632,0.21342,0.084439
подруга,20,20,0.692652,0.105263,0.179535,0.132714,0.105263,0.179535,0.132714,0.105263,0.179535,0.132714
подруга,50,50,0.760363,0.157895,0.189384,0.172212,0.157895,0.189384,0.172212,0.157895,0.189384,0.172212
подруга,100,100,0.799102,0.407895,0.179108,0.248917,0.394737,0.172278,0.239868,0.394737,0.172278,0.239868
подруга,200,196,0.808063,0.434211,0.174712,0.249167,0.421053,0.168507,0.240689,0.421053,0.168507,0.240689
покрывало,1,1,0.197191,0.0,0.0,0.0,0.0,0.0,0.0,0.0,0.0,0.0
покрывало,5,5,0.236973,0.0,0.0,0.0,0.0,0.0,0.0,0.0,0.0,0.0
покрывало,10,10,0.237417,0.4,0.000233,0.000465,0.4,0.000233,0.000465,0.4,0.000233,0.000465
покрывало,20,20,0.237767,0.733333,0.000384,0.000767,0.733333,0.000384,0.000767,0.733333,0.000384,0.000767
покрывало,50,50,0.238321,0.733333,0.000382,0.000765,0.733333,0.000382,0.000765,0.733333,0.000382,0.000765
покрывало,100,100,0.238838,0.733333,0.000427,0.000853,0.733333,0.000427,0.000853,0.733333,0.000427,0.000853
покрывало,200,200,0.239239,0.866667,0.000482,0.000963,0.866667,0.000467,0.000934,0.866667,0.000467,0.000934
полный,1,1,0.230872,0.0,0.0,0.0,0.0,0.0,0.0,0.0,0.0,0.0
полный,5,5,0.38584,0.0,0.0,0.0,0.0,0.0,0.0,0.0,0.0,0.0
полный,10,10,0.386197,0.142857,0.00027,0.00054,0.142857,0.00027,0.00054,0.142857,0.00027,0.00054
полный,20,20,0.386337,0.285714,0.000311,0.00062,0.285714,0.000311,0.00062,0.285714,0.000311,0.00062
полный,50,50,0.386523,0.285714,0.00031,0.00062,0.285714,0.00031,0.00062,0.285714,0.00031,0.00062
полный,100,100,0.386701,0.428571,0.000325,0.000649,0.428571,0.000325,0.000649,0.428571,0.000325,0.000649
полный,200,200,0.386816,0.571429,0.000347,0.000694,0.571429,0.000347,0.000694,0.571429,0.000347,0.000694
получает,1,1,0.180017,0.0,0.0,0.0,0.0,0.0,0.0,0.0,0.0,0.0
получает,5,5,0.287491,0.0,0.0,0.0,0.0,0.0,0.0,0.0,0.0,0.0
получает,10,10,0.28787,0.0,0.0,0.0,0.0,0.0,0.0,0.0,0.0,0.0
получает,20,20,0.288403,0.0,0.0,0.0,0.0,0.0,0.0,0.0,0.0,0.0
получает,50,50,0.289085,0.0,0.0,0.0,0.0,0.0,0.0,0.0,0.0,0.0
получает,100,100,0.289622,0.333333,0.000108,0.000216,0.333333,0.000108,0.000216,0.333333,0.000108,0.000216
получает,200,200,0.289956,0.333333,0.000108,0.000215,0.333333,0.000108,0.000215,0.333333,0.000108,0.000215
пополнела,1,1,0.041703,0.0,0.0,0.0,0.0,0.0,0.0,0.0,0.0,0.0
пополнела,5,5,0.043908,0.066667,0.003754,0.007108,0.066667,0.003754,0.007108,0.066667,0.003754,0.007108
пополнела,10,10,0.045386,0.066667,0.003726,0.007058,0.066667,0.003726,0.007058,0.066667,0.003726,0.007058
пополнела,20,20,0.046826,0.066667,0.003695,0.007002,0.066667,0.003695,0.007002,0.066667,0.003695,0.007002
пополнела,50,50,0.05062,0.066667,0.003641,0.006904,0.066667,0.003641,0.006904,0.066667,0.003641,0.006904
пополнела,100,100,0.052628,0.333333,0.004012,0.007929,0.333333,0.004012,0.007929,0.333333,0.004012,0.007929
пополнела,200,128,0.052703,0.333333,0.004011,0.007926,0.333333,0.004011,0.007926,0.333333,0.004011,0.007926
прежняя,1,1,0.278349,0.0,0.0,0.0,0.0,0.0,0.0,0.0,0.0,0.0
прежняя,5,5,0.335666,0.0,0.0,0.0,0.0,0.0,0.0,0.0,0.0,0.0
прежняя,10,10,0.33585,0.0,0.0,0.0,0.0,0.0,0.0,0.0,0.0,0.0
прежняя,20,20,0.336148,0.14,7.9e-05,0.000158,0.14,7.9e-05,0.000158,0.14,7.9e-05,0.000158
прежняя,50,50,0.336561,0.14,7.9e-05,0.000158,0.14,7.9e-05,0.000158,0.14,7.9e-05,0.000158
прежняя,100,100,0.336902,0.16,0.000132,0.000264,0.16,0.000132,0.000264,0.16,0.000132,0.000264
прежняя,200,200,0.337192,0.2,0.00017,0.00034,0.2,0.00017,0.00034,0.2,0.00017,0.00034
прибыльных,1,1,0.515533,0.0,0.0,0.0,0.0,0.0,0.0,0.0,0.0,0.0
прибыльных,5,5,0.709721,0.384615,0.400596,0.392443,0.384615,0.400596,0.392443,0.384615,0.400596,0.392443
прибыльных,10,10,0.710917,0.384615,0.397555,0.390978,0.384615,0.397555,0.390978,0.384615,0.397555,0.390978
прибыльных,20,20,0.711641,0.384615,0.396329,0.390385,0.384615,0.396329,0.390385,0.384615,0.396329,0.390385
прибыльных,50,50,0.712684,0.384615,0.394062,0.389281,0.384615,0.394062,0.389281,0.384615,0.394062,0.389281
прибыльных,100,100,0.713314,0.538462,0.392982,0.45436,0.538462,0.392982,0.45436,0.538462,0.392982,0.45436
прибыльных,200,200,0.713667,1.0,0.39219,0.563414,1.0,0.39219,0.563414,1.0,0.39219,0.563414
пригрозили,1,1,0.187089,0.0,0.0,0.0,0.0,0.0,0.0,0.0,0.0,0.0
пригрозили,5,5,0.490903,0.0,0.0,0.0,0.0,0.0,0.0,0.0,0.0,0.0
пригрозили,10,10,0.58013,0.0,0.0,0.0,0.0,0.0,0.0,0.0,0.0,0.0
пригрозили,20,20,0.65579,0.25,0.029936,0.05347,0.083333,0.029936,0.044049,0.083333,0.029936,0.044049
пригрозили,50,50,0.702696,0.333333,0.041589,0.073952,0.333333,0.041589,0.073952,0.333333,0.041589,0.073952
пригрозили,100,100,0.729494,0.416667,0.047445,0.085189,0.416667,0.047445,0.085189,0.416667,0.047445,0.085189
пригрозили,200,200,0.745204,0.5,0.047636,0.086984,0.5,0.047636,0.086984,0.5,0.047636,0.086984
противник,1,1,0.134416,0.0,0.0,0.0,0.0,0.0,0.0,0.0,0.0,0.0
противник,5,5,0.179891,0.0,0.0,0.0,0.0,0.0,0.0,0.0,0.0,0.0
противник,10,10,0.218827,0.0,0.0,0.0,0.0,0.0,0.0,0.0,0.0,0.0
противник,20,20,0.274498,0.0,0.0,0.0,0.0,0.0,0.0,0.0,0.0,0.0
противник,50,50,0.331384,0.0,0.0,0.0,0.0,0.0,0.0,0.0,0.0,0.0
противник,100,100,0.351073,0.0,0.0,0.0,0.0,0.0,0.0,0.0,0.0,0.0
противник,200,103,0.351078,0.0,0.0,0.0,0.0,0.0,0.0,0.0,0.0,0.0
раритетных,1,1,0.129958,0.0,0.0,0.0,0.0,0.0,0.0,0.0,0.0,0.0
раритетных,5,5,0.13204,0.166667,0.002025,0.004002,0.166667,0.002025,0.004002,0.166667,0.002025,0.004002
раритетных,10,10,0.132504,0.166667,0.002019,0.003989,0.166667,0.002019,0.003989,0.166667,0.002019,0.003989
раритетных,20,20,0.133735,0.833333,0.002491,0.004967,0.833333,0.002491,0.004967,0.833333,0.002491,0.004967
раритетных,50,50,0.135254,0.833333,0.002474,0.004933,0.833333,0.002474,0.004933,0.833333,0.002474,0.004933
раритетных,100,100,0.136557,0.833333,0.002608,0.0052,0.833333,0.002608,0.0052,0.833333,0.002608,0.0052
раритетных,200,200,0.137758,0.833333,0.002593,0.00517,0.833333,0.002593,0.00517,0.833333,0.002593,0.00517
растяжение,1,1,0.193174,0.0,0.0,0.0,0.0,0.0,0.0,0.0,0.0,0.0
растяжение,5,5,0.197326,0.142857,0.001807,0.00357,0.142857,0.001807,0.00357,0.142857,0.001807,0.00357
растяжение,10,10,0.19932,0.285714,0.00288,0.005703,0.285714,0.00288,0.005703,0.285714,0.00288,0.005703
растяжение,20,20,0.201374,0.357143,0.003802,0.007523,0.357143,0.003802,0.007523,0.357143,0.003802,0.007523
растяжение,50,50,0.20422,0.428571,0.004987,0.009859,0.428571,0.004987,0.009859,0.428571,0.004987,0.009859
растяжение,100,100,0.206616,0.428571,0.005319,0.010507,0.428571,0.005319,0.010507,0.428571,0.005319,0.010507
растяжение,200,200,0.208554,0.428571,0.005382,0.01063,0.428571,0.005382,0.01063,0.428571,0.005382,0.01063
расходу,1,1,0.148645,0.0,0.0,0.0,0.0,0.0,0.0,0.0,0.0,0.0
расходу,5,5,0.152029,0.0,0.0,0.0,0.0,0.0,0.0,0.0,0.0,0.0
расходу,10,10,0.153851,0.076923,0.001929,0.003763,0.076923,0.001929,0.003763,0.076923,0.001929,0.003763
расходу,20,20,0.155099,0.153846,0.002439,0.004801,0.153846,0.002439,0.004801,0.153846,0.002439,0.004801
расходу,50,50,0.156701,0.553846,0.003182,0.006327,0.553846,0.003182,0.006327,0.553846,0.003182,0.006327
расходу,100,100,0.158092,0.569231,0.003393,0.006745,0.569231,0.003393,0.006745,0.569231,0.003393,0.006745
расходу,200,200,0.159166,0.576923,0.003448,0.006855,0.576923,0.003448,0.006855,0.576923,0.003448,0.006855
реки,1,1,0.479015,0.0,0.0,0.0,0.0,0.0,0.0,0.0,0.0,0.0
реки,5,5,0.480028,0.033333,0.00099,0.001923,0.033333,0.00099,0.001923,0.033333,0.00099,0.001923
реки,10,10,0.480941,0.033333,0.000987,0.001917,0.033333,0.000987,0.001917,0.033333,0.000987,0.001917
реки,20,20,0.482011,0.766667,0.002186,0.00436,0.766667,0.002186,0.00436,0.766667,0.002186,0.00436
реки,50,50,0.483091,0.766667,0.002171,0.00433,0.766667,0.002171,0.00433,0.766667,0.002171,0.00433
реки,100,100,0.48395,0.766667,0.002159,0.004306,0.766667,0.002159,0.004306,0.766667,0.002159,0.004306
реки,200,200,0.484745,0.783333,0.002201,0.00439,0.783333,0.002201,0.00439,0.783333,0.002201,0.00439
ремешок,1,1,0.601408,0.0625,0.999999,0.117647,0.0625,0.999999,0.117647,0.0625,0.999999,0.117647
ремешок,5,5,0.625304,0.0625,0.247949,0.099835,0.0625,0.247949,0.099835,0.0625,0.247949,0.099835
ремешок,10,10,0.635981,0.0625,0.139209,0.086268,0.0625,0.139209,0.086268,0.0625,0.139209,0.086268
ремешок,20,20,0.658117,0.1375,0.116904,0.126368,0.1375,0.116904,0.126368,0.1375,0.116904,0.126368
ремешок,50,50,0.699815,0.5125,0.107828,0.178169,0.4875,0.107828,0.176595,0.4875,0.107828,0.176595
ремешок,100,100,0.72238,0.525,0.087525,0.150037,0.5,0.087525,0.148973,0.5,0.087525,0.148973
ремешок,200,200,0.732349,0.575,0.078459,0.138077,0.55,0.078459,0.137328,0.55,0.078459,0.137328
розетки,1,1,0.343619,0.0,0.0,0.0,0.0,0.0,0.0,0.0,0.0,0.0
розетки,5,5,0.469901,0.0,0.0,0.0,0.0,0.0,0.0,0.0,0.0,0.0
розетки,10,10,0.470709,0.014493,0.000365,0.000712,0.014493,0.000365,0.000712,0.014493,0.000365,0.000712
розетки,20,20,0.470919,0.028986,0.000453,0.000892,0.028986,0.000453,0.000892,0.028986,0.000453,0.000892
розетки,50,50,0.471406,0.347826,0.000851,0.001698,0.347826,0.000851,0.001698,0.347826,0.000851,0.001698
розетки,100,100,0.471783,0.521739,0.001031,0.002059,0.507246,0.001011,0.002018,0.507246,0.001011,0.002018
розетки,200,200,0.472097,0.594203,0.001173,0.002341,0.565217,0.001123,0.002241,0.565217,0.001123,0.002241
росли,1,1,0.306982,0.0,0.0,0.0,0.0,0.0,0.0,0.0,0.0,0.0
росли,5,5,0.315987,0.294118,0.010954,0.021121,0.294118,0.010954,0.021121,0.294118,0.010954,0.021121
росли,10,10,0.318267,0.294118,0.010883,0.02099,0.294118,0.010883,0.02099,0.294118,0.010883,0.02099
росли,20,20,0.320266,0.352941,0.011356,0.022005,0.352941,0.011356,0.022005,0.352941,0.011356,0.022005
росли,50,50,0.323018,0.470588,0.012531,0.024413,0.411765,0.012191,0.023681,0.411765,0.012191,0.023681
росли,100,100,0.325276,0.647059,0.013045,0.025574,0.529412,0.01252,0.024462,0.529412,0.01252,0.024462
росли,200,200,0.327067,0.647059,0.013371,0.026201,0.588235,0.012777,0.025011,0.588235,0.012777,0.025011
рот,1,1,0.301016,0.0,0.0,0.0,0.0,0.0,0.0,0.0,0.0,0.0
рот,5,5,0.328273,0.277228,0.000821,0.001638,0.277228,0.000821,0.001638,0.277228,0.000821,0.001638
рот,10,10,0.328406,0.326733,0.000923,0.00184,0.326733,0.000923,0.00184,0.326733,0.000923,0.00184
рот,20,20,0.328573,0.356436,0.001056,0.002106,0.356436,0.001056,0.002106,0.356436,0.001056,0.002106
рот,50,50,0.328772,0.356436,0.001055,0.002104,0.356436,0.001055,0.002104,0.356436,0.001055,0.002104
рот,100,100,0.328897,0.366337,0.001078,0.00215,0.366337,0.001078,0.00215,0.366337,0.001078,0.00215
рот,200,197,0.328945,0.366337,0.001087,0.002168,0.366337,0.001087,0.002168,0.366337,0.001087,0.002168
рубильник,1,1,0.3569,0.0,0.0,0.0,0.0,0.0,0.0,0.0,0.0,0.0
рубильник,5,5,0.357399,0.0,0.0,0.0,0.0,0.0,0.0,0.0,0.0,0.0
рубильник,10,10,0.357763,0.0,0.0,0.0,0.0,0.0,0.0,0.0,0.0,0.0
рубильник,20,20,0.358539,0.0,0.0,0.0,0.0,0.0,0.0,0.0,0.0,0.0
рубильник,50,50,0.359824,0.352941,0.000304,0.000608,0.352941,0.000304,0.000608,0.352941,0.000304,0.000608
рубильник,100,100,0.360707,0.411765,0.000411,0.00082,0.411765,0.000411,0.00082,0.411765,0.000411,0.00082
рубильник,200,200,0.361369,0.470588,0.000488,0.000974,0.470588,0.000488,0.000974,0.470588,0.000488,0.000974
русалки,1,1,0.269884,0.0,0.0,0.0,0.0,0.0,0.0,0.0,0.0,0.0
русалки,5,5,0.27051,0.0,0.0,0.0,0.0,0.0,0.0,0.0,0.0,0.0
русалки,10,10,0.270916,0.012987,0.000298,0.000582,0.012987,0.000298,0.000582,0.012987,0.000298,0.000582
русалки,20,20,0.271354,0.012987,0.000297,0.000581,0.012987,0.000297,0.000581,0.012987,0.000297,0.000581
русалки,50,50,0.272233,0.168831,0.00081,0.001613,0.168831,0.00081,0.001613,0.168831,0.00081,0.001613
русалки,100,100,0.272978,0.350649,0.001209,0.00241,0.350649,0.001173,0.002338,0.350649,0.001173,0.002338
русалки,200,200,0.273387,0.38961,0.001289,0.00257,0.38961,0.001253,0.002498,0.38961,0.001253,0.002498
рыбу,1,1,0.117365,0.0,0.0,0.0,0.0,0.0,0.0,0.0,0.0,0.0
рыбу,5,5,0.118646,0.0,0.0,0.0,0.0,0.0,0.0,0.0,0.0,0.0
рыбу,10,10,0.118844,0.0,0.0,0.0,0.0,0.0,0.0,0.0,0.0,0.0
рыбу,20,20,0.119303,0.016949,0.000244,0.000482,0.016949,0.000244,0.000482,0.016949,0.000244,0.000482
рыбу,50,50,0.120002,0.050847,0.000564,0.001116,0.050847,0.000564,0.001116,0.050847,0.000564,0.001116
рыбу,100,100,0.120912,0.067797,0.00062,0.001229,0.067797,0.00062,0.001229,0.067797,0.00062,0.001229
рыбу,200,200,0.1215,0.067797,0.000619,0.001226,0.067797,0.000619,0.001226,0.067797,0.000619,0.001226
рыть,1,1,0.184809,0.0,0.0,0.0,0.0,0.0,0.0,0.0,0.0,0.0
рыть,5,5,0.445889,0.0,0.0,0.0,0.0,0.0,0.0,0.0,0.0,0.0
рыть,10,10,0.44643,0.266667,0.000363,0.000726,0.266667,0.000363,0.000726,0.266667,0.000363,0.000726
рыть,20,20,0.446963,0.333333,0.000463,0.000925,0.333333,0.000463,0.000925,0.333333,0.000463,0.000925
рыть,50,50,0.44761,0.4,0.000498,0.000994,0.4,0.000498,0.000994,0.4,0.000498,0.000994
рыть,100,100,0.44806,0.4,0.000547,0.001093,0.4,0.000547,0.001093,0.4,0.000547,0.001093
рыть,200,200,0.448403,0.466667,0.00056,0.001119,0.466667,0.00056,0.001119,0.466667,0.00056,0.001119
сгущенки,1,1,0.162925,0.0,0.0,0.0,0.0,0.0,0.0,0.0,0.0,0.0
сгущенки,5,5,0.164763,0.0,0.0,0.0,0.0,0.0,0.0,0.0,0.0,0.0
сгущенки,10,10,0.166222,0.086957,0.001454,0.002861,0.086957,0.001454,0.002861,0.086957,0.001454,0.002861
сгущенки,20,20,0.168226,0.217391,0.00198,0.003925,0.217391,0.00198,0.003925,0.217391,0.00198,0.003925
сгущенки,50,50,0.171676,0.391304,0.003067,0.006087,0.391304,0.003067,0.006087,0.391304,0.003067,0.006087
сгущенки,100,100,0.173931,0.521739,0.003418,0.006792,0.521739,0.003418,0.006792,0.521739,0.003418,0.006792
сгущенки,200,143,0.174209,0.521739,0.003415,0.006785,0.521739,0.003415,0.006785,0.521739,0.003415,0.006785
семья,1,1,0.071381,0.0,0.0,0.0,0.0,0.0,0.0,0.0,0.0,0.0
семья,5,5,0.438432,0.5,0.450643,0.47404,0.5,0.450643,0.47404,0.5,0.450643,0.47404
семья,10,10,0.448497,0.5,0.422037,0.457722,0.5,0.422037,0.457722,0.5,0.422037,0.457722
семья,20,20,0.462044,0.5,0.38955,0.437918,0.5,0.38955,0.437918,0.5,0.38955,0.437918
семья,50,50,0.483872,0.5,0.344646,0.408036,0.5,0.344646,0.408036,0.5,0.344646,0.408036
семья,100,100,0.500237,0.5,0.317354,0.38827,0.5,0.317354,0.38827,0.5,0.317354,0.38827
семья,200,200,0.505609,0.5,0.305759,0.379467,0.5,0.305759,0.379467,0.5,0.305759,0.379467
сечь,1,1,0.214214,0.0,0.0,0.0,0.0,0.0,0.0,0.0,0.0,0.0
сечь,5,5,0.626471,0.214286,0.133292,0.164352,0.214286,0.133292,0.164352,0.214286,0.133292,0.164352
сечь,10,10,0.703795,0.285714,0.150282,0.196964,0.285714,0.150282,0.196964,0.285714,0.150282,0.196964
сечь,20,20,0.75679,0.5,0.132614,0.209629,0.5,0.132614,0.209629,0.5,0.132614,0.209629
сечь,50,50,0.77694,0.571429,0.097364,0.16638,0.571429,0.097364,0.16638,0.571429,0.097364,0.16638
сечь,100,100,0.794046,0.642857,0.083327,0.147531,0.642857,0.080466,0.14303,0.642857,0.080466,0.14303
сечь,200,147,0.795461,0.642857,0.079714,0.14184,0.642857,0.076977,0.137491,0.642857,0.076977,0.137491
снег,1,1,0.93908,0.515152,1.0,0.68,0.515152,1.0,0.68,0.515152,1.0,0.68
снег,5,5,0.96802,0.636364,0.90266,0.746473,0.636364,0.90266,0.746473,0.636364,0.90266,0.746473
снег,10,10,0.970084,0.666667,0.824053,0.737052,0.666667,0.824053,0.737052,0.666667,0.824053,0.737052
снег,20,20,0.972952,0.666667,0.716258,0.690573,0.666667,0.716258,0.690573,0.666667,0.716258,0.690573
снег,50,50,0.971507,0.818182,0.602413,0.693911,0.818182,0.602413,0.693911,0.818182,0.602413,0.693911
снег,100,100,0.969712,0.818182,0.568767,0.671048,0.818182,0.568767,0.671048,0.818182,0.568767,0.671048
снег,200,109,0.969648,0.818182,0.567925,0.670462,0.818182,0.567925,0.670462,0.818182,0.567925,0.670462
собака,1,1,0.213007,0.0,0.0,0.0,0.0,0.0,0.0,0.0,0.0,0.0
собака,5,5,0.36813,0.0,0.0,0.0,0.0,0.0,0.0,0.0,0.0,0.0
собака,10,10,0.368338,0.02439,0.00017,0.000337,0.02439,0.00017,0.000337,0.02439,0.00017,0.000337
собака,20,20,0.368613,0.04878,0.000288,0.000573,0.02439,0.00017,0.000337,0.02439,0.00017,0.000337
собака,50,50,0.369015,0.097561,0.00038,0.000757,0.073171,0.000262,0.000522,0.073171,0.000262,0.000522
собака,100,100,0.369389,0.219512,0.000477,0.000952,0.195122,0.000359,0.000717,0.195122,0.000359,0.000717
собака,200,200,0.369684,0.243902,0.000486,0.000971,0.219512,0.000368,0.000736,0.219512,0.000368,0.000736
сонату,1,1,0.188281,0.0,0.0,0.0,0.0,0.0,0.0,0.0,0.0,0.0
сонату,5,5,0.646818,0.116279,0.210178,0.149724,0.116279,0.210178,0.149724,0.116279,0.210178,0.149724
сонату,10,10,0.741418,0.209302,0.216764,0.212968,0.209302,0.216764,0.212968,0.209302,0.216764,0.212968
сонату,20,20,0.792043,0.232558,0.183533,0.205157,0.232558,0.183533,0.205157,0.232558,0.183533,0.205157
сонату,50,50,0.832432,0.395349,0.198213,0.264044,0.395349,0.198213,0.264044,0.395349,0.198213,0.264044
сонату,100,100,0.85165,0.511628,0.175716,0.26159,0.511628,0.175716,0.26159,0.511628,0.175716,0.26159
сонату,200,200,0.860602,0.651163,0.171201,0.27112,0.651163,0.171201,0.27112,0.651163,0.171201,0.27112
сора,1,1,0.175193,0.0,0.0,0.0,0.0,0.0,0.0,0.0,0.0,0.0
сора,5,5,0.176453,0.012658,0.000803,0.00151,0.012658,0.000803,0.00151,0.012658,0.000803,0.00151
сора,10,10,0.177193,0.126582,0.001192,0.002362,0.126582,0.001192,0.002362,0.126582,0.001192,0.002362
сора,20,20,0.177861,0.126582,0.001189,0.002356,0.126582,0.001189,0.002356,0.126582,0.001189,0.002356
сора,50,50,0.1791,0.177215,0.00146,0.002896,0.177215,0.00146,0.002896,0.177215,0.00146,0.002896
сора,100,100,0.180128,0.189873,0.001516,0.003007,0.189873,0.001516,0.003007,0.189873,0.001516,0.003007
сора,200,200,0.180989,0.189873,0.001511,0.002998,0.189873,0.001511,0.002998,0.189873,0.001511,0.002998
соринку,1,1,0.218126,0.0,0.0,0.0,0.0,0.0,0.0,0.0,0.0,0.0
соринку,5,5,0.222016,0.792683,0.004051,0.008062,0.792683,0.004051,0.008062,0.792683,0.004051,0.008062
соринку,10,10,0.222299,0.792683,0.004043,0.008046,0.792683,0.004043,0.008046,0.792683,0.004043,0.008046
соринку,20,20,0.22317,0.792683,0.004309,0.008571,0.792683,0.004309,0.008571,0.792683,0.004309,0.008571
соринку,50,50,0.223862,0.926829,0.004522,0.009001,0.926829,0.004522,0.009001,0.926829,0.004522,0.009001
соринку,100,100,0.224187,0.926829,0.004578,0.009112,0.926829,0.004578,0.009112,0.926829,0.004578,0.009112
соринку,200,139,0.224214,0.926829,0.004578,0.00911,0.926829,0.004578,0.00911,0.926829,0.004578,0.00911
союзу,1,1,0.290223,0.0,0.0,0.0,0.0,0.0,0.0,0.0,0.0,0.0
союзу,5,5,0.430743,0.0,0.0,0.0,0.0,0.0,0.0,0.0,0.0,0.0
союзу,10,10,0.431015,0.0,0.0,0.0,0.0,0.0,0.0,0.0,0.0,0.0
союзу,20,20,0.43126,0.0,0.0,0.0,0.0,0.0,0.0,0.0,0.0,0.0
союзу,50,50,0.431736,0.083333,5.6e-05,0.000112,0.083333,5.6e-05,0.000112,0.083333,5.6e-05,0.000112
союзу,100,100,0.432146,0.166667,0.000127,0.000254,0.166667,0.000127,0.000254,0.166667,0.000127,0.000254
союзу,200,200,0.432563,0.166667,0.000127,0.000254,0.166667,0.000127,0.000254,0.166667,0.000127,0.000254
спать,1,1,0.224098,0.0,0.0,0.0,0.0,0.0,0.0,0.0,0.0,0.0
спать,5,5,0.282654,0.0,0.0,0.0,0.0,0.0,0.0,0.0,0.0,0.0
спать,10,10,0.283854,0.0,0.0,0.0,0.0,0.0,0.0,0.0,0.0,0.0
спать,20,20,0.285122,0.153846,0.000291,0.00058,0.153846,0.000291,0.00058,0.153846,0.000291,0.00058
спать,50,50,0.28684,0.307692,0.000576,0.00115,0.307692,0.000576,0.00115,0.307692,0.000576,0.00115
спать,100,100,0.288178,0.461538,0.000746,0.001489,0.461538,0.000746,0.001489,0.461538,0.000746,0.001489
спать,200,200,0.289199,0.461538,0.000776,0.001549,0.461538,0.000776,0.001549,0.461538,0.000776,0.001549
специалист,1,1,0.311944,0.0,0.0,0.0,0.0,0.0,0.0,0.0,0.0,0.0
специалист,5,5,0.343336,0.0,0.0,0.0,0.0,0.0,0.0,0.0,0.0,0.0
специалист,10,10,0.344067,0.071429,0.000308,0.000614,0.071429,0.000308,0.000614,0.071429,0.000308,0.000614
специалист,20,20,0.344573,0.142857,0.000616,0.001226,0.142857,0.000616,0.001226,0.142857,0.000616,0.001226
специалист,50,50,0.345132,0.214286,0.000763,0.00152,0.214286,0.000763,0.00152,0.214286,0.000763,0.00152
специалист,100,100,0.345571,0.214286,0.000761,0.001517,0.214286,0.000761,0.001517,0.214286,0.000761,0.001517
специалист,200,200,0.346047,0.285714,0.00077,0.001536,0.285714,0.00077,0.001536,0.285714,0.00077,0.001536
спокойный,1,1,0.203514,0.0,0.0,0.0,0.0,0.0,0.0,0.0,0.0,0.0
спокойный,5,5,0.238948,0.25,0.000263,0.000525,0.25,0.000263,0.000525,0.25,0.000263,0.000525
спокойный,10,10,0.239156,0.25,0.000263,0.000525,0.25,0.000263,0.000525,0.25,0.000263,0.000525
спокойный,20,20,0.23929,0.25,0.000263,0.000525,0.25,0.000263,0.000525,0.25,0.000263,0.000525
спокойный,50,50,0.239604,0.75,0.000321,0.000641,0.75,0.000321,0.000641,0.75,0.000321,0.000641
спокойный,100,100,0.23985,1.0,0.000341,0.000682,1.0,0.000341,0.000682,1.0,0.000341,0.000682
спокойный,200,200,0.239976,1.0,0.000341,0.000682,1.0,0.000341,0.000682,1.0,0.000341,0.000682
стога,1,1,0.227848,0.0,0.0,0.0,0.0,0.0,0.0,0.0,0.0,0.0
стога,5,5,0.229071,0.0,0.0,0.0,0.0,0.0,0.0,0.0,0.0,0.0
стога,10,10,0.229764,0.0,0.0,0.0,0.0,0.0,0.0,0.0,0.0,0.0
стога,20,20,0.230753,0.090909,0.000342,0.000682,0.090909,0.000342,0.000682,0.090909,0.000342,0.000682
стога,50,50,0.232292,0.090909,0.00034,0.000677,0.090909,0.00034,0.000677,0.090909,0.00034,0.000677
стога,100,100,0.23354,0.090909,0.000339,0.000675,0.090909,0.000339,0.000675,0.090909,0.000339,0.000675
стога,200,189,0.23388,0.090909,0.000338,0.000674,0.090909,0.000338,0.000674,0.090909,0.000338,0.000674
стоимостью,1,1,0.155053,0.0,0.0,0.0,0.0,0.0,0.0,0.0,0.0,0.0
стоимостью,5,5,0.267489,0.0,0.0,0.0,0.0,0.0,0.0,0.0,0.0,0.0
стоимостью,10,10,0.267524,0.0,0.0,0.0,0.0,0.0,0.0,0.0,0.0,0.0
стоимостью,20,20,0.267557,0.0,0.0,0.0,0.0,0.0,0.0,0.0,0.0,0.0
стоимостью,50,50,0.267624,0.0,0.0,0.0,0.0,0.0,0.0,0.0,0.0,0.0
стоимостью,100,100,0.267671,0.0,0.0,0.0,0.0,0.0,0.0,0.0,0.0,0.0
стоимостью,200,200,0.267698,0.0,0.0,0.0,0.0,0.0,0.0,0.0,0.0,0.0
страницы,1,1,0.06856,0.0,0.0,0.0,0.0,0.0,0.0,0.0,0.0,0.0
страницы,5,5,0.177724,0.235294,0.018275,0.033916,0.235294,0.018275,0.033916,0.235294,0.018275,0.033916
страницы,10,10,0.179013,1.0,0.018888,0.037076,1.0,0.018888,0.037076,1.0,0.018888,0.037076
страницы,20,20,0.180224,1.0,0.019315,0.037899,1.0,0.019315,0.037899,1.0,0.019315,0.037899
страницы,50,50,0.181728,1.0,0.019219,0.037713,1.0,0.019219,0.037713,1.0,0.019219,0.037713
страницы,100,100,0.182642,1.0,0.019376,0.038015,1.0,0.019376,0.038015,1.0,0.019376,0.038015
страницы,200,200,0.183214,1.0,0.019367,0.037997,1.0,0.019367,0.037997,1.0,0.019367,0.037997
страшных,1,1,0.350551,0.0,0.0,0.0,0.0,0.0,0.0,0.0,0.0,0.0
страшных,5,5,0.352789,0.135135,0.003345,0.006529,0.135135,0.003345,0.006529,0.135135,0.003345,0.006529
страшных,10,10,0.353361,0.162162,0.003785,0.007397,0.162162,0.003785,0.007397,0.162162,0.003785,0.007397
страшных,20,20,0.354262,0.27027,0.004319,0.008502,0.27027,0.004319,0.008502,0.27027,0.004319,0.008502
страшных,50,50,0.35565,0.297297,0.004948,0.009734,0.297297,0.004948,0.009734,0.297297,0.004948,0.009734
страшных,100,100,0.356708,0.378378,0.005324,0.010501,0.378378,0.005324,0.010501,0.378378,0.005324,0.010501
страшных,200,200,0.357878,0.513514,0.005583,0.011045,0.513514,0.005583,0.011045,0.513514,0.005583,0.011045
сук,1,1,0.182375,0.0,0.0,0.0,0.0,0.0,0.0,0.0,0.0,0.0
сук,5,5,0.735015,0.615385,0.341179,0.43898,0.615385,0.341179,0.43898,0.615385,0.341179,0.43898
сук,10,10,0.762878,0.628205,0.323074,0.426703,0.628205,0.323074,0.426703,0.628205,0.323074,0.426703
сук,20,20,0.760231,0.730769,0.312919,0.438199,0.730769,0.312919,0.438199,0.730769,0.312919,0.438199
сук,50,50,0.765051,0.769231,0.284687,0.415573,0.769231,0.284687,0.415573,0.769231,0.284687,0.415573
сук,100,100,0.76407,0.782051,0.265779,0.39673,0.782051,0.265779,0.39673,0.782051,0.265779,0.39673
сук,200,200,0.763751,0.961538,0.250239,0.397126,0.961538,0.249354,0.396011,0.961538,0.249354,0.396011
сытные,1,1,0.262643,0.0,0.0,0.0,0.0,0.0,0.0,0.0,0.0,0.0
сытные,5,5,0.358088,0.25,0.000289,0.000577,0.25,0.000289,0.000577,0.25,0.000289,0.000577
сытные,10,10,0.358218,0.25,0.000288,0.000576,0.25,0.000288,0.000576,0.25,0.000288,0.000576
сытные,20,20,0.358421,0.25,0.000288,0.000576,0.25,0.000288,0.000576,0.25,0.000288,0.000576
сытные,50,50,0.358675,0.5,0.000329,0.000658,0.5,0.000329,0.000658,0.5,0.000329,0.000658
сытные,100,100,0.358878,0.5,0.000329,0.000657,0.5,0.000329,0.000657,0.5,0.000329,0.000657
сытные,200,200,0.359058,0.5,0.000329,0.000657,0.5,0.000329,0.000657,0.5,0.000329,0.000657
талый,1,1,0.519191,0.0,0.0,0.0,0.0,0.0,0.0,0.0,0.0,0.0
талый,5,5,0.557252,0.2,0.000945,0.001881,0.2,0.000945,0.001881,0.2,0.000945,0.001881
талый,10,10,0.557798,0.466667,0.001203,0.002399,0.466667,0.001203,0.002399,0.466667,0.001203,0.002399
талый,20,20,0.558348,0.466667,0.001356,0.002705,0.466667,0.001356,0.002705,0.466667,0.001356,0.002705
талый,50,50,0.559171,0.733333,0.001721,0.003434,0.733333,0.001721,0.003434,0.733333,0.001721,0.003434
талый,100,100,0.559837,0.733333,0.001716,0.003425,0.733333,0.001716,0.003425,0.733333,0.001716,0.003425
талый,200,200,0.560381,0.933333,0.001778,0.00355,0.933333,0.001778,0.00355,0.933333,0.001778,0.00355
телефон,1,1,0.999649,0.96875,1.0,0.984127,0.96875,1.0,0.984127,0.96875,1.0,0.984127
телефон,5,5,0.922536,0.96875,0.470367,0.63326,0.96875,0.470367,0.63326,0.96875,0.470367,0.63326
телефон,10,10,0.862762,0.96875,0.328219,0.490316,0.96875,0.328219,0.490316,0.96875,0.328219,0.490316
телефон,20,20,0.788934,0.96875,0.218503,0.356579,0.96875,0.218503,0.356579,0.96875,0.218503,0.356579
телефон,50,50,0.701363,0.96875,0.136021,0.238548,0.96875,0.136021,0.238548,0.96875,0.136021,0.238548
телефон,100,100,0.670858,1.0,0.10762,0.194326,1.0,0.10762,0.194326,1.0,0.10762,0.194326
телефон,200,200,0.640454,1.0,0.086675,0.159522,1.0,0.086675,0.159522,1.0,0.086675,0.159522
техосмотра,1,1,0.315392,0.0,0.0,0.0,0.0,0.0,0.0,0.0,0.0,0.0
техосмотра,5,5,0.31595,0.0,0.0,0.0,0.0,0.0,0.0,0.0,0.0,0.0
техосмотра,10,10,0.316461,0.058824,0.000239,0.000475,0.058824,0.000239,0.000475,0.058824,0.000239,0.000475
техосмотра,20,20,0.316872,0.117647,0.000374,0.000746,0.117647,0.000374,0.000746,0.117647,0.000374,0.000746
техосмотра,50,50,0.317697,0.294118,0.00058,0.001158,0.294118,0.00058,0.001158,0.294118,0.00058,0.001158
техосмотра,100,100,0.31834,0.411765,0.000655,0.001308,0.411765,0.000655,0.001308,0.411765,0.000655,0.001308
техосмотра,200,200,0.318936,0.411765,0.000674,0.001346,0.411765,0.000674,0.001346,0.411765,0.000674,0.001346
тонким,1,1,0.079736,0.0,0.0,0.0,0.0,0.0,0.0,0.0,0.0,0.0
тонким,5,5,0.732895,0.666667,0.232625,0.344902,0.666667,0.232625,0.344902,0.666667,0.232625,0.344902
тонким,10,10,0.809304,0.666667,0.217626,0.328135,0.666667,0.14298,0.235461,0.666667,0.14298,0.235461
тонким,20,20,0.817881,0.75,0.190253,0.303513,0.75,0.137863,0.232913,0.75,0.137863,0.232913
тонким,50,50,0.804597,0.75,0.131676,0.224022,0.75,0.095417,0.169296,0.75,0.095417,0.169296
тонким,100,100,0.800116,0.75,0.113134,0.19661,0.75,0.075637,0.137416,0.75,0.075637,0.137416
тонким,200,200,0.789084,0.75,0.097102,0.171942,0.75,0.063216,0.116603,0.75,0.063216,0.116603
трепало,1,1,0.175345,0.0,0.0,0.0,0.0,0.0,0.0,0.0,0.0,0.0
трепало,5,5,0.17643,0.0,0.0,0.0,0.0,0.0,0.0,0.0,0.0,0.0
трепало,10,10,0.177717,0.0,0.0,0.0,0.0,0.0,0.0,0.0,0.0,0.0
трепало,20,20,0.17853,0.0,0.0,0.0,0.0,0.0,0.0,0.0,0.0,0.0
трепало,50,50,0.179885,0.133333,0.000288,0.000575,0.133333,0.000288,0.000575,0.133333,0.000288,0.000575
трепало,100,100,0.181181,0.16,0.00066,0.001315,0.16,0.00066,0.001315,0.16,0.00066,0.001315
трепало,200,200,0.182462,0.253333,0.000927,0.001848,0.253333,0.000927,0.001848,0.253333,0.000927,0.001848
углу,1,1,0.180921,0.0,0.0,0.0,0.0,0.0,0.0,0.0,0.0,0.0
углу,5,5,0.240803,0.4,0.000338,0.000676,0.4,0.000338,0.000676,0.4,0.000338,0.000676
углу,10,10,0.241209,0.4,0.000506,0.001012,0.4,0.000506,0.001012,0.4,0.000506,0.001012
углу,20,20,0.241603,0.5,0.000789,0.001575,0.5,0.000789,0.001575,0.5,0.000789,0.001575
углу,50,50,0.242145,0.52,0.000921,0.001838,0.52,0.000921,0.001838,0.52,0.000921,0.001838
углу,100,100,0.242575,0.82,0.001044,0.002085,0.82,0.001044,0.002085,0.82,0.001044,0.002085
углу,200,197,0.242728,0.82,0.001044,0.002085,0.82,0.001044,0.002085,0.82,0.001044,0.002085
узкой,1,1,0.088482,0.0,0.0,0.0,0.0,0.0,0.0,0.0,0.0,0.0
узкой,5,5,0.140371,0.0,0.0,0.0,0.0,0.0,0.0,0.0,0.0,0.0
узкой,10,10,0.140454,0.0,0.0,0.0,0.0,0.0,0.0,0.0,0.0,0.0
узкой,20,20,0.140602,0.0,0.0,0.0,0.0,0.0,0.0,0.0,0.0,0.0
узкой,50,50,0.140969,0.333333,7.3e-05,0.000146,0.333333,7.3e-05,0.000146,0.333333,7.3e-05,0.000146
узкой,100,100,0.141227,0.466667,0.000104,0.000208,0.466667,0.000104,0.000208,0.466667,0.000104,0.000208
узкой,200,200,0.14142,0.533333,0.000115,0.00023,0.533333,0.000115,0.00023,0.533333,0.000115,0.00023
узнал,1,1,0.315856,0.0,0.0,0.0,0.0,0.0,0.0,0.0,0.0,0.0
узнал,5,5,0.455435,0.18018,0.001348,0.002676,0.18018,0.001348,0.002676,0.18018,0.001348,0.002676
узнал,10,10,0.456217,0.225225,0.002771,0.005476,0.225225,0.002771,0.005476,0.225225,0.002771,0.005476
узнал,20,20,0.457414,0.459459,0.004328,0.008575,0.459459,0.004328,0.008575,0.459459,0.004328,0.008575
узнал,50,50,0.458373,0.666667,0.005375,0.010664,0.666667,0.005244,0.010406,0.666667,0.005244,0.010406
узнал,100,100,0.459246,0.828829,0.005872,0.011661,0.828829,0.005741,0.011403,0.828829,0.005741,0.011403
узнал,200,200,0.459893,0.846847,0.006126,0.012164,0.846847,0.005946,0.011809,0.846847,0.005946,0.011809
уйма,1,1,0.120537,0.0,0.0,0.0,0.0,0.0,0.0,0.0,0.0,0.0
уйма,5,5,0.208453,0.388889,0.006765,0.013299,0.388889,0.006765,0.013299,0.388889,0.006765,0.013299
уйма,10,10,0.209698,0.444444,0.007464,0.014681,0.444444,0.007464,0.014681,0.444444,0.007464,0.014681
уйма,20,20,0.21039,0.444444,0.007444,0.014643,0.444444,0.007444,0.014643,0.444444,0.007444,0.014643
уйма,50,50,0.211637,0.5,0.007606,0.014983,0.5,0.007606,0.014983,0.5,0.007606,0.014983
уйма,100,100,0.212442,0.5,0.007708,0.015181,0.5,0.007708,0.015181,0.5,0.007708,0.015181
уйма,200,200,0.213078,0.5,0.007702,0.015169,0.5,0.007702,0.015169,0.5,0.007702,0.015169
уйти,1,1,0.26182,0.0,0.0,0.0,0.0,0.0,0.0,0.0,0.0,0.0
уйти,5,5,0.262816,0.055556,0.001128,0.002211,0.055556,0.001128,0.002211,0.055556,0.001128,0.002211
уйти,10,10,0.263578,0.055556,0.001125,0.002205,0.055556,0.001125,0.002205,0.055556,0.001125,0.002205
уйти,20,20,0.264384,0.055556,0.00112,0.002197,0.055556,0.00112,0.002197,0.055556,0.00112,0.002197
уйти,50,50,0.265912,0.333333,0.001997,0.00397,0.333333,0.001997,0.00397,0.333333,0.001997,0.00397
уйти,100,100,0.266969,0.666667,0.002163,0.004311,0.666667,0.002163,0.004311,0.666667,0.002163,0.004311
уйти,200,200,0.267929,0.666667,0.002154,0.004294,0.666667,0.002154,0.004294,0.666667,0.002154,0.004294
урон,1,1,0.217656,0.0,0.0,0.0,0.0,0.0,0.0,0.0,0.0,0.0
урон,5,5,0.217881,0.0,0.0,0.0,0.0,0.0,0.0,0.0,0.0,0.0
урон,10,10,0.218057,0.0,0.0,0.0,0.0,0.0,0.0,0.0,0.0,0.0
урон,20,20,0.218308,0.0,0.0,0.0,0.0,0.0,0.0,0.0,0.0,0.0
урон,50,50,0.218829,0.021739,8e-05,0.00016,0.021739,8e-05,0.00016,0.021739,8e-05,0.00016
урон,100,69,0.218898,0.065217,0.000149,0.000298,0.065217,0.000149,0.000298,0.065217,0.000149,0.000298
урон,200,69,0.218898,0.065217,0.000149,0.000298,0.065217,0.000149,0.000298,0.065217,0.000149,0.000298
урчала,1,1,0.058571,0.0,0.0,0.0,0.0,0.0,0.0,0.0,0.0,0.0
урчала,5,5,0.2056,0.462963,0.00106,0.002114,0.462963,0.00106,0.002114,0.462963,0.00106,0.002114
урчала,10,10,0.206754,0.62037,0.002443,0.004867,0.62037,0.002443,0.004867,0.62037,0.002443,0.004867
урчала,20,20,0.207534,0.62037,0.002833,0.005639,0.62037,0.002833,0.005639,0.62037,0.002833,0.005639
урчала,50,50,0.208221,0.62963,0.002983,0.005937,0.62963,0.002983,0.005937,0.62963,0.002983,0.005937
урчала,100,100,0.209017,0.694444,0.003101,0.006174,0.694444,0.003101,0.006174,0.694444,0.003101,0.006174
урчала,200,200,0.209597,0.731481,0.003216,0.006403,0.722222,0.003193,0.006358,0.722222,0.003193,0.006358
ускользать,1,1,0.441482,0.104167,1.0,0.188679,0.104167,1.0,0.188679,0.104167,1.0,0.188679
ускользать,5,5,0.482761,0.145833,0.519352,0.227722,0.145833,0.519352,0.227722,0.145833,0.519352,0.227722
ускользать,10,10,0.514358,0.166667,0.450583,0.243328,0.166667,0.450583,0.243328,0.166667,0.450583,0.243328
ускользать,20,20,0.528745,0.1875,0.401649,0.255654,0.1875,0.401649,0.255654,0.1875,0.401649,0.255654
ускользать,50,50,0.546227,0.1875,0.346667,0.24337,0.1875,0.346667,0.24337,0.1875,0.346667,0.24337
ускользать,100,100,0.557376,0.1875,0.317825,0.235857,0.1875,0.317825,0.235857,0.1875,0.317825,0.235857
ускользать,200,200,0.565717,0.75,0.295934,0.424407,0.708333,0.295934,0.417459,0.708333,0.295934,0.417459
установить,1,1,0.371246,0.0,0.0,0.0,0.0,0.0,0.0,0.0,0.0,0.0
установить,5,5,0.482351,0.142857,0.000152,0.000304,0.142857,0.000152,0.000304,0.142857,0.000152,0.000304
установить,10,10,0.482472,0.142857,0.000152,0.000304,0.142857,0.000152,0.000304,0.142857,0.000152,0.000304
установить,20,20,0.482597,0.142857,0.000152,0.000304,0.142857,0.000152,0.000304,0.142857,0.000152,0.000304
установить,50,50,0.482822,0.142857,0.000152,0.000304,0.142857,0.000152,0.000304,0.142857,0.000152,0.000304
установить,100,100,0.482987,0.285714,0.000172,0.000344,0.285714,0.000172,0.000344,0.285714,0.000172,0.000344
установить,200,200,0.483154,0.428571,0.000195,0.000389,0.428571,0.000195,0.000389,0.428571,0.000195,0.000389
ухо,1,1,0.313086,0.0,0.0,0.0,0.0,0.0,0.0,0.0,0.0,0.0
ухо,5,5,0.460524,0.0,0.0,0.0,0.0,0.0,0.0,0.0,0.0,0.0
ухо,10,10,0.453716,0.012195,0.000166,0.000327,0.012195,0.000166,0.000327,0.012195,0.000166,0.000327
ухо,20,20,0.453816,0.341463,0.000241,0.000482,0.341463,0.000241,0.000482,0.341463,0.000241,0.000482
ухо,50,50,0.453949,0.865854,0.000348,0.000696,0.865854,0.000348,0.000696,0.865854,0.000348,0.000696
ухо,100,100,0.453968,0.865854,0.000351,0.000701,0.865854,0.000351,0.000701,0.865854,0.000351,0.000701
ухо,200,122,0.453968,0.865854,0.000351,0.000701,0.865854,0.000351,0.000701,0.865854,0.000351,0.000701
фарш,1,1,0.341232,0.0,0.0,0.0,0.0,0.0,0.0,0.0,0.0,0.0
фарш,5,5,0.530309,0.0625,0.199908,0.095228,0.0,0.0,0.0,0.0,0.0,0.0
фарш,10,10,0.530737,0.125,0.199932,0.153826,0.0625,0.000249,0.000495,0.0625,0.000249,0.000495
фарш,20,20,0.531067,0.5625,0.199955,0.295033,0.5,0.000481,0.000962,0.5,0.000481,0.000962
фарш,50,50,0.531668,0.5625,0.19962,0.294669,0.5,0.000481,0.00096,0.5,0.000481,0.00096
фарш,100,100,0.532166,0.5625,0.199427,0.294458,0.5625,0.000527,0.001053,0.5625,0.000527,0.001053
фарш,200,200,0.532615,0.5625,0.199215,0.294226,0.5625,0.000536,0.00107,0.5625,0.000536,0.00107
фен,1,1,0.270276,0.0,0.0,0.0,0.0,0.0,0.0,0.0,0.0,0.0
фен,5,5,0.39327,0.071429,0.000698,0.001382,0.071429,0.000698,0.001382,0.071429,0.000698,0.001382
фен,10,10,0.39363,0.071429,0.000697,0.001381,0.071429,0.000697,0.001381,0.071429,0.000697,0.001381
фен,20,20,0.393914,0.071429,0.000763,0.001509,0.071429,0.000763,0.001509,0.071429,0.000763,0.001509
фен,50,50,0.394234,0.119048,0.000838,0.001665,0.119048,0.000838,0.001665,0.119048,0.000838,0.001665
фен,100,100,0.394507,0.380952,0.000886,0.001768,0.380952,0.000886,0.001768,0.380952,0.000886,0.001768
фен,200,200,0.394699,0.404762,0.000905,0.001806,0.380952,0.000895,0.001786,0.380952,0.000895,0.001786
хаки,1,1,0.603114,0.0,0.0,0.0,0.0,0.0,0.0,0.0,0.0,0.0
хаки,5,5,0.628208,0.0,0.0,0.0,0.0,0.0,0.0,0.0,0.0,0.0
хаки,10,10,0.628474,0.02439,0.000184,0.000365,0.02439,0.000184,0.000365,0.02439,0.000184,0.000365
хаки,20,20,0.628789,0.121951,0.000614,0.001222,0.121951,0.000614,0.001222,0.121951,0.000614,0.001222
хаки,50,50,0.629183,0.560976,0.00071,0.001418,0.560976,0.00071,0.001418,0.560976,0.00071,0.001418
хаки,100,100,0.629501,0.609756,0.000859,0.001716,0.609756,0.000859,0.001716,0.609756,0.000859,0.001716
хаки,200,200,0.629764,0.682927,0.000985,0.001968,0.682927,0.000953,0.001903,0.682927,0.000953,0.001903
хмурила,1,1,0.230064,0.0,0.0,0.0,0.0,0.0,0.0,0.0,0.0,0.0
хмурила,5,5,0.2312,0.053333,0.001119,0.002192,0.053333,0.001119,0.002192,0.053333,0.001119,0.002192
хмурила,10,10,0.232363,0.493333,0.002312,0.004603,0.493333,0.002312,0.004603,0.493333,0.002312,0.004603
хмурила,20,20,0.2339,0.493333,0.003089,0.006141,0.493333,0.003089,0.006141,0.493333,0.003089,0.006141
хмурила,50,50,0.235667,0.573333,0.003744,0.00744,0.573333,0.003744,0.00744,0.573333,0.003744,0.00744
хмурила,100,100,0.236928,0.666667,0.004059,0.00807,0.666667,0.004059,0.00807,0.666667,0.004059,0.00807
хмурила,200,200,0.237936,0.68,0.004209,0.008366,0.68,0.004192,0.008334,0.68,0.004192,0.008334
центре,1,1,0.426267,0.222222,1.0,0.363636,0.222222,1.0,0.363636,0.222222,1.0,0.363636
центре,5,5,0.428409,0.222222,0.992351,0.363127,0.222222,0.992351,0.363127,0.222222,0.992351,0.363127
центре,10,10,0.430448,0.888889,0.987991,0.935823,0.888889,0.987991,0.935823,0.888889,0.987991,0.935823
центре,20,20,0.431455,0.888889,0.983029,0.933592,0.888889,0.983029,0.933592,0.888889,0.983029,0.933592
центре,50,50,0.432308,0.888889,0.976549,0.930659,0.888889,0.976549,0.930659,0.888889,0.976549,0.930659
центре,100,100,0.432983,0.888889,0.972497,0.928815,0.888889,0.972497,0.928815,0.888889,0.972497,0.928815
центре,200,200,0.433471,0.888889,0.969065,0.927247,0.888889,0.969065,0.927247,0.888889,0.969065,0.927247
шаг,1,1,0.231103,0.0,0.0,0.0,0.0,0.0,0.0,0.0,0.0,0.0
шаг,5,5,0.42108,0.015873,0.000168,0.000333,0.015873,0.000168,0.000333,0.015873,0.000168,0.000333
шаг,10,10,0.421229,0.031746,0.000254,0.000503,0.031746,0.000254,0.000503,0.031746,0.000254,0.000503
шаг,20,20,0.421391,0.031746,0.000312,0.000618,0.031746,0.000254,0.000503,0.031746,0.000254,0.000503
шаг,50,50,0.421715,0.15873,0.000522,0.001041,0.15873,0.000464,0.000924,0.15873,0.000464,0.000924
шаг,100,100,0.421957,0.190476,0.000572,0.001141,0.190476,0.000514,0.001025,0.190476,0.000514,0.001025
шаг,200,200,0.422163,0.285714,0.000631,0.001259,0.285714,0.000573,0.001143,0.285714,0.000573,0.001143
шлейф,1,1,0.23582,0.0,0.0,0.0,0.0,0.0,0.0,0.0,0.0,0.0
шлейф,5,5,0.227529,0.0,0.0,0.0,0.0,0.0,0.0,0.0,0.0,0.0
шлейф,10,10,0.228362,0.375,0.000447,0.000893,0.375,0.000447,0.000893,0.375,0.000447,0.000893
шлейф,20,20,0.22877,0.375,0.000446,0.000891,0.375,0.000446,0.000891,0.375,0.000446,0.000891
шлейф,50,50,0.229386,0.4375,0.000545,0.001089,0.4375,0.000545,0.001089,0.4375,0.000545,0.001089
шлейф,100,100,0.229974,0.6875,0.000627,0.001252,0.6875,0.000627,0.001252,0.6875,0.000627,0.001252
шлейф,200,200,0.230335,0.6875,0.000626,0.00125,0.6875,0.000626,0.00125,0.6875,0.000626,0.00125
штатив,1,1,0.534877,0.006849,1.0,0.013605,0.0,0.0,0.0,0.0,0.0,0.0
штатив,5,5,0.535026,0.109589,0.999374,0.197519,0.10274,0.000198,0.000394,0.10274,0.000198,0.000394
штатив,10,10,0.535193,0.130137,0.999011,0.230277,0.116438,0.000443,0.000882,0.116438,0.000443,0.000882
штатив,20,20,0.535394,0.130137,0.997969,0.230249,0.116438,0.000442,0.000881,0.116438,0.000442,0.000881
штатив,50,50,0.535803,0.342466,0.996392,0.509733,0.143836,0.000843,0.001677,0.143836,0.000843,0.001677
штатив,100,93,0.535982,0.342466,0.995596,0.509629,0.143836,0.000843,0.001675,0.143836,0.000843,0.001675
штатив,200,93,0.535982,0.342466,0.995596,0.509629,0.143836,0.000843,0.001675,0.143836,0.000843,0.001675
юлин,1,1,0.325606,0.0,0.0,0.0,0.0,0.0,0.0,0.0,0.0,0.0
юлин,5,5,0.327408,0.192308,0.003472,0.006821,0.192308,0.003472,0.006821,0.192308,0.003472,0.006821
юлин,10,10,0.32849,0.192308,0.003462,0.006801,0.192308,0.003462,0.006801,0.192308,0.003462,0.006801
юлин,20,20,0.329794,0.211538,0.003757,0.007382,0.211538,0.003757,0.007382,0.211538,0.003757,0.007382
юлин,50,50,0.331751,0.5,0.004751,0.009414,0.442308,0.004201,0.008324,0.442308,0.004201,0.008324
юлин,100,100,0.333177,0.634615,0.004963,0.009848,0.576923,0.004415,0.008764,0.576923,0.004415,0.008764
юлин,200,200,0.334622,0.692308,0.005236,0.010394,0.634615,0.004527,0.00899,0.634615,0.004527,0.00899
юный,1,1,0.20975,0.0,0.0,0.0,0.0,0.0,0.0,0.0,0.0,0.0
юный,5,5,0.212193,0.0,0.0,0.0,0.0,0.0,0.0,0.0,0.0,0.0
юный,10,10,0.214128,0.0,0.0,0.0,0.0,0.0,0.0,0.0,0.0,0.0
юный,20,20,0.216639,0.0,0.0,0.0,0.0,0.0,0.0,0.0,0.0,0.0
юный,50,50,0.220369,0.083333,0.000903,0.001786,0.083333,0.000903,0.001786,0.083333,0.000903,0.001786
юный,100,100,0.223878,0.166667,0.001598,0.003165,0.166667,0.001598,0.003165,0.166667,0.001598,0.003165
юный,200,200,0.226778,0.166667,0.001576,0.003123,0.166667,0.001576,0.003123,0.166667,0.001576,0.003123
ярых,1,1,0.33151,0.0,0.0,0.0,0.0,0.0,0.0,0.0,0.0,0.0
ярых,5,5,0.332614,0.111111,0.00094,0.001864,0.111111,0.00094,0.001864,0.111111,0.00094,0.001864
ярых,10,10,0.333317,0.111111,0.000937,0.001859,0.111111,0.000937,0.001859,0.111111,0.000937,0.001859
ярых,20,20,0.334246,0.133333,0.001712,0.00338,0.133333,0.001712,0.00338,0.133333,0.001712,0.00338
ярых,50,50,0.335776,0.222222,0.002346,0.004642,0.222222,0.002346,0.004642,0.222222,0.002346,0.004642
ярых,100,100,0.33712,0.377778,0.003035,0.006022,0.377778,0.003035,0.006022,0.377778,0.003035,0.006022
ярых,200,200,0.338612,0.533333,0.003122,0.006207,0.533333,0.003122,0.006207,0.533333,0.003122,0.006207
