left_context,target_word,n_human_lemmas,overlap_at_5,weighted_overlap_at_5,surface_match_at_5,surface_weighted_match_at_5,overlap_at_10,weighted_overlap_at_10,surface_match_at_10,surface_weighted_match_at_10,overlap_at_15,weighted_overlap_at_15,surface_match_at_15,surface_weighted_match_at_15,overlap_at_20,weighted_overlap_at_20,surface_match_at_20,surface_weighted_match_at_20,overlap_at_50,weighted_overlap_at_50,surface_match_at_50,surface_weighted_match_at_50,overlap_at_100,weighted_overlap_at_100,surface_match_at_100,surface_weighted_match_at_100,overlap_at_200,weighted_overlap_at_200,surface_match_at_200,surface_weighted_match_at_200,overlap_at_400,weighted_overlap_at_400,surface_match_at_400,surface_weighted_match_at_400
"Думаю, большой",урон,32,0.0,0.0,0.0,0.0,0.03125,0.04081632653061224,0.03125,0.04081632653061224,0.03125,0.04081632653061224,0.03125,0.04081632653061224,0.03125,0.04081632653061224,0.03125,0.04081632653061224,0.0625,0.061224489795918366,0.03125,0.04081632653061224,0.125,0.1020408163265306,0.125,0.1020408163265306,0.125,0.1020408163265306,0.125,0.1020408163265306,0.125,0.1020408163265306,0.125,0.1020408163265306
Мы установили камеру на новый,штатив,47,0.0,0.0,0.0,0.0,0.0,0.0,0.0,0.0,0.02127659574468085,0.10204081632653061,0.0,0.0,0.0425531914893617,0.10884353741496598,0.02127659574468085,0.10204081632653061,0.0851063829787234,0.12244897959183673,0.06382978723404255,0.11564625850340136,0.14893617021276595,0.14285714285714285,0.14893617021276595,0.14285714285714285,0.14893617021276595,0.14285714285714285,0.14893617021276595,0.14285714285714285,0.14893617021276595,0.14285714285714285,0.14893617021276595,0.14285714285714285
"Музыканты играли на похоронах, разгружали",вагоны,11,0.0,0.0,0.0,0.0,0.09090909090909091,0.05263157894736842,0.08333333333333333,0.05263157894736842,0.18181818181818182,0.3684210526315789,0.16666666666666666,0.3684210526315789,0.18181818181818182,0.3684210526315789,0.16666666666666666,0.3684210526315789,0.36363636363636365,0.5263157894736842,0.16666666666666666,0.3684210526315789,0.36363636363636365,0.5263157894736842,0.25,0.42105263157894735,0.36363636363636365,0.5263157894736842,0.25,0.42105263157894735,0.36363636363636365,0.5263157894736842,0.25,0.42105263157894735
Клиенты воровали из ресторана,атрибутику,6,0.0,0.0,0.0,0.0,0.0,0.0,0.0,0.0,0.0,0.0,0.0,0.0,0.0,0.0,0.0,0.0,0.0,0.0,0.0,0.0,0.0,0.0,0.0,0.0,0.0,0.0,0.0,0.0,0.0,0.0,0.0,0.0
В сюжете этого фильма какие-то,осы,27,0.07407407407407407,0.046153846153846156,0.07407407407407407,0.046153846153846156,0.07407407407407407,0.046153846153846156,0.07407407407407407,0.046153846153846156,0.07407407407407407,0.046153846153846156,0.07407407407407407,0.046153846153846156,0.07407407407407407,0.046153846153846156,0.07407407407407407,0.046153846153846156,0.18518518518518517,0.35384615384615387,0.14814814814814814,0.3384615384615385,0.2222222222222222,0.6153846153846154,0.18518518518518517,0.35384615384615387,0.25925925925925924,0.6615384615384616,0.2222222222222222,0.4,0.25925925925925924,0.6615384615384616,0.2222222222222222,0.4
После завершения,техосмотра,14,0.0,0.0,0.0,0.0,0.0,0.0,0.0,0.0,0.0,0.0,0.0,0.0,0.0,0.0,0.0,0.0,0.21428571428571427,0.29411764705882354,0.14285714285714285,0.11764705882352941,0.2857142857142857,0.35294117647058826,0.21428571428571427,0.29411764705882354,0.35714285714285715,0.4117647058823529,0.2857142857142857,0.35294117647058826,0.35714285714285715,0.4117647058823529,0.2857142857142857,0.35294117647058826
Ей никак не суметь,испечь,55,0.01818181818181818,0.008264462809917356,0.017857142857142856,0.008264462809917356,0.03636363636363636,0.01652892561983471,0.03571428571428571,0.01652892561983471,0.03636363636363636,0.01652892561983471,0.03571428571428571,0.01652892561983471,0.03636363636363636,0.01652892561983471,0.03571428571428571,0.01652892561983471,0.07272727272727272,0.04132231404958678,0.03571428571428571,0.01652892561983471,0.18181818181818182,0.30578512396694213,0.14285714285714285,0.0743801652892562,0.23636363636363636,0.39669421487603307,0.21428571428571427,0.371900826446281,0.23636363636363636,0.39669421487603307,0.21428571428571427,0.371900826446281
Если я еще увижу здесь хоть,соринку,10,0.1,0.7386363636363636,0.07692307692307693,0.2159090909090909,0.1,0.7386363636363636,0.23076923076923078,0.6363636363636364,0.2,0.7727272727272727,0.3076923076923077,0.6704545454545454,0.3,0.7840909090909091,0.38461538461538464,0.6818181818181819,0.3,0.7840909090909091,0.46153846153846156,0.7840909090909091,0.5,0.9204545454545454,0.6153846153846154,0.9204545454545455,0.5,0.9204545454545454,0.6153846153846154,0.9204545454545455,0.5,0.9204545454545454,0.6153846153846154,0.9204545454545455
Он умел из любого,сора,31,0.0,0.0,0.0,0.0,0.0,0.0,0.0,0.0,0.06451612903225806,0.023255813953488372,0.0625,0.023255813953488372,0.0967741935483871,0.12790697674418605,0.09375,0.12790697674418605,0.0967741935483871,0.12790697674418605,0.09375,0.12790697674418605,0.16129032258064516,0.1744186046511628,0.125,0.13953488372093023,0.1935483870967742,0.18604651162790697,0.15625,0.1511627906976744,0.1935483870967742,0.18604651162790697,0.15625,0.1511627906976744
В современном,обществе,3,0.3333333333333333,0.8823529411764706,0.0,0.0,0.3333333333333333,0.8823529411764706,0.0,0.0,0.6666666666666666,0.9411764705882353,0.3333333333333333,0.058823529411764705,0.6666666666666666,0.9411764705882353,0.3333333333333333,0.058823529411764705,0.6666666666666666,0.9411764705882353,0.6666666666666666,0.9411764705882353,0.6666666666666666,0.9411764705882353,0.6666666666666666,0.9411764705882353,0.6666666666666666,0.9411764705882353,0.6666666666666666,0.9411764705882353,0.6666666666666666,0.9411764705882353,0.6666666666666666,0.9411764705882353
Душа требовала,красоты,33,0.0,0.0,0.0,0.0,0.06060606060606061,0.05263157894736842,0.029411764705882353,0.039473684210526314,0.06060606060606061,0.05263157894736842,0.058823529411764705,0.05263157894736842,0.06060606060606061,0.05263157894736842,0.058823529411764705,0.05263157894736842,0.09090909090909091,0.23684210526315788,0.058823529411764705,0.05263157894736842,0.15151515151515152,0.35526315789473684,0.058823529411764705,0.05263157894736842,0.21212121212121213,0.5,0.17647058823529413,0.3157894736842105,0.21212121212121213,0.5,0.17647058823529413,0.3157894736842105
На газовой плите стояла,открытая,5,0.2,0.8688524590163934,0.2,0.8688524590163934,0.2,0.8688524590163934,0.2,0.8688524590163934,0.2,0.8688524590163934,0.2,0.8688524590163934,0.2,0.8688524590163934,0.2,0.8688524590163934,0.4,0.8852459016393442,0.4,0.8852459016393442,0.4,0.8852459016393442,0.4,0.8852459016393442,0.8,0.9836065573770492,0.8,0.9836065573770492,0.8,0.9836065573770492,0.8,0.9836065573770492
Создать настоящие шедевры вам помогут,зоркий,9,0.1111111111111111,0.125,0.1111111111111111,0.125,0.2222222222222222,0.5625,0.2222222222222222,0.5625,0.2222222222222222,0.5625,0.2222222222222222,0.5625,0.2222222222222222,0.5625,0.2222222222222222,0.5625,0.3333333333333333,0.625,0.2222222222222222,0.5625,0.3333333333333333,0.625,0.3333333333333333,0.625,0.4444444444444444,0.6875,0.4444444444444444,0.6875,0.4444444444444444,0.6875,0.4444444444444444,0.6875
Под рукавом рубашки виднелся тонкий,ремешок,29,0.034482758620689655,0.06172839506172839,0.034482758620689655,0.06172839506172839,0.034482758620689655,0.06172839506172839,0.034482758620689655,0.06172839506172839,0.034482758620689655,0.06172839506172839,0.034482758620689655,0.06172839506172839,0.034482758620689655,0.06172839506172839,0.034482758620689655,0.06172839506172839,0.10344827586206896,0.16049382716049382,0.10344827586206896,0.16049382716049382,0.20689655172413793,0.49382716049382713,0.20689655172413793,0.49382716049382713,0.3103448275862069,0.5308641975308641,0.3103448275862069,0.5308641975308641,0.3793103448275862,0.5555555555555556,0.3793103448275862,0.5555555555555556
Когда она в самолёте,летела,44,0.022727272727272728,0.007692307692307693,0.0,0.0,0.022727272727272728,0.007692307692307693,0.0196078431372549,0.007692307692307693,0.06818181818181818,0.07692307692307693,0.0196078431372549,0.007692307692307693,0.11363636363636363,0.09230769230769231,0.0196078431372549,0.007692307692307693,0.11363636363636363,0.09230769230769231,0.058823529411764705,0.05384615384615385,0.20454545454545456,0.3307692307692308,0.1568627450980392,0.2230769230769231,0.20454545454545456,0.3307692307692308,0.17647058823529413,0.23076923076923078,0.25,0.34615384615384615,0.2549019607843137,0.30000000000000004
В речи учёного прозвучало,неявное,47,0.0425531914893617,0.03773584905660377,0.0425531914893617,0.03773584905660377,0.0851063829787234,0.0660377358490566,0.0851063829787234,0.0660377358490566,0.0851063829787234,0.0660377358490566,0.0851063829787234,0.0660377358490566,0.0851063829787234,0.0660377358490566,0.0851063829787234,0.0660377358490566,0.19148936170212766,0.33962264150943394,0.14893617021276595,0.19811320754716982,0.2765957446808511,0.39622641509433965,0.2127659574468085,0.3490566037735849,0.3617021276595745,0.4528301886792453,0.3404255319148936,0.44339622641509435,0.40425531914893614,0.5094339622641509,0.3829787234042553,0.4811320754716981
Старуха была страшной --,лопоухая,34,0.029411764705882353,0.015151515151515152,0.027777777777777776,0.015151515151515152,0.11764705882352941,0.3181818181818182,0.08333333333333333,0.19696969696969696,0.17647058823529413,0.36363636363636365,0.08333333333333333,0.19696969696969696,0.23529411764705882,0.5151515151515151,0.16666666666666666,0.3333333333333333,0.3235294117647059,0.5757575757575757,0.25,0.40909090909090906,0.4411764705882353,0.6666666666666666,0.3611111111111111,0.5909090909090909,0.5294117647058824,0.7272727272727273,0.4166666666666667,0.6515151515151515,0.5294117647058824,0.7272727272727273,0.4444444444444444,0.6666666666666666
Если мы позволим этим людям,уйти,14,0.0,0.0,0.0,0.0,0.14285714285714285,0.1,0.13333333333333333,0.1,0.14285714285714285,0.1,0.13333333333333333,0.1,0.14285714285714285,0.1,0.13333333333333333,0.1,0.35714285714285715,0.30000000000000004,0.3333333333333333,0.30000000000000004,0.5714285714285714,0.7000000000000001,0.4666666666666667,0.4,0.5714285714285714,0.7000000000000001,0.5333333333333333,0.5,0.5714285714285714,0.7000000000000001,0.5333333333333333,0.5
Судя по огромному,расходу,41,0.0,0.0,0.0,0.0,0.0,0.0,0.0,0.0,0.04878048780487805,0.07518796992481203,0.047619047619047616,0.07518796992481203,0.04878048780487805,0.07518796992481203,0.047619047619047616,0.07518796992481203,0.17073170731707318,0.5413533834586466,0.14285714285714285,0.19548872180451127,0.24390243902439024,0.5639097744360901,0.19047619047619047,0.21052631578947367,0.2682926829268293,0.5714285714285714,0.23809523809523808,0.22556390977443608,0.2682926829268293,0.5714285714285714,0.23809523809523808,0.22556390977443608
Она с досадой,хмурила,30,0.0,0.0,0.0,0.0,0.0,0.0,0.0,0.0,0.03333333333333333,0.05333333333333334,0.03125,0.05333333333333334,0.06666666666666667,0.48,0.03125,0.05333333333333334,0.1,0.4933333333333333,0.125,0.4933333333333333,0.23333333333333334,0.6266666666666666,0.21875,0.5866666666666667,0.3,0.6799999999999999,0.28125,0.6533333333333333,0.3,0.6799999999999999,0.28125,0.6533333333333333
Очень тогда,злые,27,0.0,0.0,0.0,0.0,0.07407407407407407,0.029411764705882353,0.06666666666666667,0.029411764705882353,0.07407407407407407,0.029411764705882353,0.06666666666666667,0.029411764705882353,0.1111111111111111,0.11764705882352941,0.06666666666666667,0.029411764705882353,0.2222222222222222,0.4117647058823529,0.2,0.14705882352941177,0.3333333333333333,0.4852941176470588,0.23333333333333334,0.16176470588235295,0.3333333333333333,0.4852941176470588,0.3,0.22058823529411764,0.3333333333333333,0.4852941176470588,0.3,0.22058823529411764
"Покуда я нахожусь у власти, я буду предметом",ярых,21,0.09523809523809523,0.05660377358490566,0.08695652173913043,0.05660377358490566,0.14285714285714285,0.1509433962264151,0.13043478260869565,0.1509433962264151,0.14285714285714285,0.1509433962264151,0.13043478260869565,0.1509433962264151,0.14285714285714285,0.1509433962264151,0.13043478260869565,0.1509433962264151,0.2857142857142857,0.24528301886792453,0.21739130434782608,0.20754716981132076,0.5238095238095238,0.37735849056603776,0.34782608695652173,0.32075471698113206,0.6190476190476191,0.5283018867924528,0.5217391304347826,0.49056603773584906,0.6190476190476191,0.5283018867924528,0.6086956521739131,0.5283018867924528
Убедительно просим вас разборчиво заполнять,купон,7,0.2857142857142857,0.3125,0.1111111111111111,0.1875,0.42857142857142855,0.375,0.2222222222222222,0.25,0.42857142857142855,0.375,0.2222222222222222,0.25,0.42857142857142855,0.375,0.2222222222222222,0.25,0.42857142857142855,0.375,0.3333333333333333,0.3125,0.7142857142857143,0.875,0.5555555555555556,0.5625,0.8571428571428571,0.9375,0.8888888888888888,0.9375,0.8571428571428571,0.9375,0.8888888888888888,0.9375
В лесу ветром,трепало,38,0.02631578947368421,0.013157894736842105,0.0,0.0,0.02631578947368421,0.013157894736842105,0.0,0.0,0.02631578947368421,0.013157894736842105,0.0,0.0,0.02631578947368421,0.013157894736842105,0.0,0.0,0.02631578947368421,0.013157894736842105,0.024390243902439025,0.013157894736842105,0.13157894736842105,0.17105263157894735,0.04878048780487805,0.07894736842105263,0.2631578947368421,0.2763157894736842,0.07317073170731707,0.14473684210526316,0.2631578947368421,0.2763157894736842,0.07317073170731707,0.14473684210526316
В резервациях,миссионеры,9,0.1111111111111111,0.0625,0.0,0.0,0.1111111111111111,0.0625,0.0,0.0,0.1111111111111111,0.0625,0.0,0.0,0.1111111111111111,0.0625,0.1111111111111111,0.0625,0.1111111111111111,0.0625,0.1111111111111111,0.0625,0.2222222222222222,0.5,0.1111111111111111,0.0625,0.2222222222222222,0.5,0.1111111111111111,0.0625,0.2222222222222222,0.5,0.1111111111111111,0.0625
Дрозды и сковрцы начали,вить,8,0.125,0.13333333333333333,0.0,0.0,0.125,0.13333333333333333,0.0,0.0,0.125,0.13333333333333333,0.1111111111111111,0.06666666666666667,0.125,0.13333333333333333,0.1111111111111111,0.06666666666666667,0.125,0.13333333333333333,0.2222222222222222,0.13333333333333333,0.25,0.2,0.3333333333333333,0.2,0.375,0.26666666666666666,0.3333333333333333,0.2,0.375,0.26666666666666666,0.3333333333333333,0.2
"Город, раскинувшийся вдоль",реки,12,0.08333333333333333,0.015625,0.0,0.0,0.16666666666666666,0.046875,0.07692307692307693,0.03125,0.16666666666666666,0.046875,0.07692307692307693,0.03125,0.16666666666666666,0.046875,0.07692307692307693,0.03125,0.3333333333333333,0.734375,0.3076923076923077,0.734375,0.3333333333333333,0.734375,0.3076923076923077,0.734375,0.4166666666666667,0.75,0.3076923076923077,0.734375,0.4166666666666667,0.75,0.38461538461538464,0.75
"Наживка, на которую он ловил",рыбу,9,0.1111111111111111,0.015625,0.1,0.015625,0.1111111111111111,0.015625,0.1,0.015625,0.1111111111111111,0.015625,0.1,0.015625,0.1111111111111111,0.015625,0.1,0.015625,0.2222222222222222,0.03125,0.1,0.015625,0.3333333333333333,0.0625,0.2,0.03125,0.4444444444444444,0.078125,0.2,0.03125,0.4444444444444444,0.078125,0.2,0.03125
Старый шкаф,орехового,27,0.07407407407407407,0.06944444444444445,0.07142857142857142,0.06944444444444445,0.07407407407407407,0.06944444444444445,0.07142857142857142,0.06944444444444445,0.07407407407407407,0.06944444444444445,0.07142857142857142,0.06944444444444445,0.1111111111111111,0.09722222222222221,0.07142857142857142,0.06944444444444445,0.14814814814814814,0.1111111111111111,0.10714285714285714,0.09722222222222221,0.18518518518518517,0.19444444444444442,0.14285714285714285,0.1111111111111111,0.2222222222222222,0.20833333333333331,0.14285714285714285,0.1111111111111111,0.25925925925925924,0.2222222222222222,0.14285714285714285,0.1111111111111111
"Зоопарк ― это кусочек другого мира, находящийся в самом",центре,5,0.2,0.21052631578947367,0.0,0.0,0.2,0.21052631578947367,0.0,0.0,0.4,0.8421052631578947,0.2,0.21052631578947367,0.6,0.894736842105263,0.4,0.8421052631578947,0.6,0.894736842105263,0.6,0.894736842105263,0.6,0.894736842105263,0.6,0.894736842105263,0.6,0.894736842105263,0.6,0.894736842105263,0.6,0.894736842105263,0.6,0.894736842105263
Каждое утро на самый верх,крыши,16,0.0,0.0,0.0,0.0,0.0625,0.05,0.0,0.0,0.125,0.15000000000000002,0.0625,0.05,0.1875,0.2,0.0625,0.05,0.1875,0.2,0.1875,0.2,0.25,0.30000000000000004,0.1875,0.2,0.3125,0.35000000000000003,0.25,0.30000000000000004,0.3125,0.35000000000000003,0.25,0.30000000000000004
"Там, недалеко от кухонной двери, сидел",лис,35,0.02857142857142857,0.008130081300813009,0.02857142857142857,0.008130081300813009,0.14285714285714285,0.13008130081300814,0.08571428571428572,0.06504065040650407,0.2,0.15447154471544716,0.14285714285714285,0.13008130081300814,0.2571428571428571,0.21951219512195122,0.17142857142857143,0.14634146341463417,0.34285714285714286,0.29268292682926833,0.34285714285714286,0.29268292682926833,0.4857142857142857,0.5609756097560976,0.4,0.3252032520325203,0.6,0.8455284552845529,0.5428571428571428,0.3983739837398374,0.6,0.8455284552845529,0.5428571428571428,0.3983739837398374
Ненужный коврик из твёрдой,пластмассы,7,0.14285714285714285,0.07692307692307693,0.14285714285714285,0.07692307692307693,0.2857142857142857,0.3076923076923077,0.2857142857142857,0.3076923076923077,0.2857142857142857,0.3076923076923077,0.2857142857142857,0.3076923076923077,0.42857142857142855,0.6923076923076923,0.42857142857142855,0.6923076923076923,0.42857142857142855,0.6923076923076923,0.42857142857142855,0.6923076923076923,0.42857142857142855,0.6923076923076923,0.42857142857142855,0.6923076923076923,0.42857142857142855,0.6923076923076923,0.42857142857142855,0.6923076923076923,0.42857142857142855,0.6923076923076923,0.42857142857142855,0.6923076923076923
Когда мне хотелось,сгущенки,18,0.0,0.0,0.0,0.0,0.0,0.0,0.0,0.0,0.0,0.0,0.0,0.0,0.0,0.0,0.0,0.0,0.16666666666666666,0.25,0.15789473684210525,0.125,0.3888888888888889,0.5416666666666666,0.3684210526315789,0.5,0.3888888888888889,0.5416666666666666,0.42105263157894735,0.5416666666666666,0.3888888888888889,0.5416666666666666,0.42105263157894735,0.5416666666666666
"Один футболист, который получил",растяжение,11,0.0,0.0,0.0,0.0,0.09090909090909091,0.14285714285714285,0.09090909090909091,0.14285714285714285,0.2727272727272727,0.3571428571428571,0.09090909090909091,0.14285714285714285,0.2727272727272727,0.3571428571428571,0.2727272727272727,0.3571428571428571,0.36363636363636365,0.42857142857142855,0.36363636363636365,0.42857142857142855,0.36363636363636365,0.42857142857142855,0.36363636363636365,0.42857142857142855,0.45454545454545453,0.5,0.36363636363636365,0.42857142857142855,0.45454545454545453,0.5,0.36363636363636365,0.42857142857142855
"Я слезал, щупал",стога,14,0.14285714285714285,0.23529411764705882,0.14285714285714285,0.23529411764705882,0.14285714285714285,0.23529411764705882,0.14285714285714285,0.23529411764705882,0.21428571428571427,0.29411764705882354,0.21428571428571427,0.29411764705882354,0.21428571428571427,0.29411764705882354,0.21428571428571427,0.29411764705882354,0.21428571428571427,0.29411764705882354,0.21428571428571427,0.29411764705882354,0.2857142857142857,0.35294117647058826,0.2857142857142857,0.35294117647058826,0.2857142857142857,0.35294117647058826,0.2857142857142857,0.35294117647058826,0.2857142857142857,0.35294117647058826,0.2857142857142857,0.35294117647058826
"Я сказал, что русский солдат",омоет,7,0.14285714285714285,0.3333333333333333,0.125,0.3333333333333333,0.14285714285714285,0.3333333333333333,0.125,0.3333333333333333,0.14285714285714285,0.3333333333333333,0.125,0.3333333333333333,0.2857142857142857,0.39999999999999997,0.25,0.39999999999999997,0.7142857142857143,0.7333333333333333,0.375,0.5333333333333333,0.7142857142857143,0.7333333333333333,0.375,0.5333333333333333,0.8571428571428571,0.7999999999999999,0.5,0.6,0.8571428571428571,0.7999999999999999,0.625,0.6666666666666666
"Она почти не изменилась, только слегка",пополнела,9,0.0,0.0,0.0,0.0,0.1111111111111111,0.0625,0.1111111111111111,0.0625,0.1111111111111111,0.0625,0.1111111111111111,0.0625,0.1111111111111111,0.0625,0.1111111111111111,0.0625,0.2222222222222222,0.125,0.2222222222222222,0.125,0.3333333333333333,0.375,0.2222222222222222,0.125,0.3333333333333333,0.375,0.2222222222222222,0.125,0.3333333333333333,0.375,0.2222222222222222,0.125
Что может сделать самый сильный,вол,21,0.09523809523809523,0.036036036036036036,0.09523809523809523,0.036036036036036036,0.19047619047619047,0.08108108108108109,0.19047619047619047,0.08108108108108109,0.2857142857142857,0.0990990990990991,0.2857142857142857,0.0990990990990991,0.2857142857142857,0.0990990990990991,0.2857142857142857,0.0990990990990991,0.3333333333333333,0.8108108108108107,0.2857142857142857,0.0990990990990991,0.47619047619047616,0.8558558558558558,0.42857142857142855,0.8378378378378378,0.5714285714285714,0.8738738738738738,0.5714285714285714,0.8738738738738738,0.5714285714285714,0.8738738738738738,0.5714285714285714,0.8738738738738738
"Я люблю салат из картошки с зеленью, заправленный",пахучим,9,0.2222222222222222,0.4606741573033708,0.1111111111111111,0.4157303370786517,0.3333333333333333,0.48314606741573035,0.2222222222222222,0.4606741573033708,0.4444444444444444,0.6741573033707865,0.4444444444444444,0.6741573033707865,0.4444444444444444,0.6741573033707865,0.4444444444444444,0.6741573033707865,0.5555555555555556,0.8764044943820225,0.5555555555555556,0.8764044943820225,0.6666666666666666,0.8876404494382022,0.6666666666666666,0.8876404494382022,0.6666666666666666,0.8876404494382022,0.7777777777777778,0.898876404494382,0.6666666666666666,0.8876404494382022,0.7777777777777778,0.898876404494382
Отвернув цветастое,покрывало,7,0.0,0.0,0.0,0.0,0.0,0.0,0.0,0.0,0.14285714285714285,0.35294117647058826,0.14285714285714285,0.35294117647058826,0.14285714285714285,0.35294117647058826,0.14285714285714285,0.35294117647058826,0.42857142857142855,0.7058823529411765,0.42857142857142855,0.7058823529411765,0.5714285714285714,0.7647058823529412,0.5714285714285714,0.7647058823529412,0.7142857142857143,0.8823529411764706,0.7142857142857143,0.8823529411764706,0.7142857142857143,0.8823529411764706,0.7142857142857143,0.8823529411764706
"Журналист взял карандаш,",подвинул,10,0.1,0.125,0.1,0.125,0.3,0.25,0.3,0.25,0.3,0.25,0.3,0.25,0.3,0.25,0.3,0.25,0.3,0.25,0.3,0.25,0.3,0.25,0.3,0.25,0.4,0.3125,0.3,0.25,0.4,0.3125,0.4,0.3125
Врач прописал заживляющую,мазь,4,0.25,0.8421052631578947,0.25,0.8421052631578947,0.25,0.8421052631578947,0.25,0.8421052631578947,0.25,0.8421052631578947,0.25,0.8421052631578947,0.25,0.8421052631578947,0.25,0.8421052631578947,0.25,0.8421052631578947,0.25,0.8421052631578947,0.5,0.894736842105263,0.5,0.894736842105263,0.5,0.894736842105263,0.5,0.894736842105263,0.5,0.894736842105263,0.5,0.894736842105263
На привале у озера,юный,24,0.0,0.0,0.0,0.0,0.0,0.0,0.0,0.0,0.0,0.0,0.0,0.0,0.041666666666666664,0.014925373134328358,0.0,0.0,0.125,0.5671641791044776,0.0,0.0,0.25,0.6417910447761194,0.0,0.0,0.2916666666666667,0.6567164179104478,0.04,0.5223880597014925,0.3333333333333333,0.7164179104477612,0.04,0.5223880597014925
"Мне нравится сын коллеги,",который,13,0.15384615384615385,0.20689655172413793,0.1111111111111111,0.20689655172413793,0.38461538461538464,0.40229885057471265,0.2777777777777778,0.40229885057471265,0.6153846153846154,0.9425287356321839,0.3333333333333333,0.41379310344827586,0.6153846153846154,0.9425287356321839,0.4444444444444444,0.7931034482758621,0.6923076923076923,0.9540229885057471,0.4444444444444444,0.7931034482758621,0.6923076923076923,0.9540229885057471,0.5,0.8045977011494253,0.7692307692307693,0.9655172413793103,0.6666666666666666,0.9310344827586207,0.7692307692307693,0.9655172413793103,0.6666666666666666,0.9310344827586207
В конверте вместе с деньгами была,обнаружена,16,0.0,0.0,0.0,0.0,0.0,0.0,0.0,0.0,0.0,0.0,0.0,0.0,0.0,0.0,0.0,0.0,0.0,0.0,0.0,0.0,0.0,0.0,0.0,0.0,0.0625,0.0196078431372549,0.0625,0.0196078431372549,0.1875,0.6078431372549019,0.0625,0.0196078431372549
На запись голоса,барса,30,0.06666666666666667,0.12000000000000001,0.0,0.0,0.06666666666666667,0.12000000000000001,0.027777777777777776,0.1,0.1,0.14,0.05555555555555555,0.12000000000000001,0.13333333333333333,0.18,0.08333333333333333,0.14,0.2,0.24000000000000002,0.1111111111111111,0.18,0.2,0.24000000000000002,0.1388888888888889,0.2,0.26666666666666666,0.34,0.19444444444444445,0.32,0.3,0.38,0.19444444444444445,0.32
У директора школы был тонкий,нюх,24,0.08333333333333333,0.0425531914893617,0.08333333333333333,0.0425531914893617,0.16666666666666666,0.26595744680851063,0.16666666666666666,0.26595744680851063,0.16666666666666666,0.26595744680851063,0.16666666666666666,0.26595744680851063,0.16666666666666666,0.26595744680851063,0.16666666666666666,0.26595744680851063,0.25,0.5957446808510638,0.25,0.5957446808510638,0.2916666666666667,0.6063829787234042,0.2916666666666667,0.6063829787234042,0.3333333333333333,0.6382978723404255,0.3333333333333333,0.6382978723404255,0.375,0.6808510638297872,0.375,0.6808510638297872
Возможности этих перемен будут обсуждаться в Париже,летом,9,0.2222222222222222,0.6666666666666666,0.2,0.6190476190476191,0.2222222222222222,0.6666666666666666,0.2,0.6190476190476191,0.4444444444444444,0.7619047619047619,0.2,0.6190476190476191,0.4444444444444444,0.7619047619047619,0.4,0.7142857142857142,0.6666666666666666,0.8571428571428571,0.5,0.7619047619047619,0.6666666666666666,0.8571428571428571,0.7,0.8571428571428571,0.6666666666666666,0.8571428571428571,0.7,0.8571428571428571,0.6666666666666666,0.8571428571428571,0.7,0.8571428571428571
У Пашки,обгорели,3,0.0,0.0,0.0,0.0,0.0,0.0,0.0,0.0,0.3333333333333333,0.85,0.0,0.0,0.3333333333333333,0.85,0.16666666666666666,0.15,0.6666666666666666,0.95,0.16666666666666666,0.15,0.6666666666666666,0.95,0.16666666666666666,0.15,0.6666666666666666,0.95,0.16666666666666666,0.15,0.6666666666666666,0.95,0.16666666666666666,0.15
Наши власти позволяют себе,излишества,9,0.0,0.0,0.0,0.0,0.0,0.0,0.0,0.0,0.1111111111111111,0.08333333333333333,0.1111111111111111,0.08333333333333333,0.1111111111111111,0.08333333333333333,0.1111111111111111,0.08333333333333333,0.2222222222222222,0.16666666666666666,0.1111111111111111,0.08333333333333333,0.2222222222222222,0.16666666666666666,0.2222222222222222,0.16666666666666666,0.3333333333333333,0.25,0.2222222222222222,0.16666666666666666,0.3333333333333333,0.25,0.3333333333333333,0.25
Он стал плохо,спать,12,0.0,0.0,0.0,0.0,0.0,0.0,0.0,0.0,0.0,0.0,0.0,0.0,0.0,0.0,0.0,0.0,0.16666666666666666,0.3333333333333333,0.08333333333333333,0.1111111111111111,0.4166666666666667,0.5,0.3333333333333333,0.4444444444444444,0.5,0.5555555555555556,0.5,0.5555555555555556,0.5,0.5555555555555556,0.5,0.5555555555555556
"Он вскрыл пачку сухарей,",заварил,12,0.08333333333333333,0.10526315789473684,0.08333333333333333,0.10526315789473684,0.08333333333333333,0.10526315789473684,0.08333333333333333,0.10526315789473684,0.08333333333333333,0.10526315789473684,0.08333333333333333,0.10526315789473684,0.08333333333333333,0.10526315789473684,0.08333333333333333,0.10526315789473684,0.3333333333333333,0.3157894736842105,0.25,0.2631578947368421,0.4166666666666667,0.3684210526315789,0.25,0.2631578947368421,0.5,0.5263157894736842,0.5,0.5263157894736842,0.5,0.5263157894736842,0.5,0.5263157894736842
На Ольгу Васильевну было написано,заявление,9,0.0,0.0,0.0,0.0,0.0,0.0,0.0,0.0,0.0,0.0,0.0,0.0,0.0,0.0,0.0,0.0,0.1111111111111111,0.06666666666666667,0.1111111111111111,0.06666666666666667,0.2222222222222222,0.13333333333333333,0.1111111111111111,0.06666666666666667,0.4444444444444444,0.4,0.2222222222222222,0.13333333333333333,0.4444444444444444,0.4,0.2222222222222222,0.13333333333333333
Ирине досталась,отдельная,13,0.0,0.0,0.0,0.0,0.07692307692307693,0.0625,0.0,0.0,0.07692307692307693,0.0625,0.07142857142857142,0.0625,0.07692307692307693,0.0625,0.07142857142857142,0.0625,0.07692307692307693,0.0625,0.07142857142857142,0.0625,0.23076923076923078,0.375,0.21428571428571427,0.3125,0.38461538461538464,0.5,0.35714285714285715,0.4375,0.38461538461538464,0.5,0.35714285714285715,0.4375
Ваня раскрыл было,рот,32,0.03125,0.009174311926605505,0.03125,0.009174311926605505,0.09375,0.027522935779816515,0.09375,0.027522935779816515,0.125,0.045871559633027525,0.125,0.045871559633027525,0.1875,0.28440366972477066,0.1875,0.28440366972477066,0.3125,0.3577981651376147,0.28125,0.3486238532110092,0.375,0.3944954128440367,0.34375,0.3853211009174312,0.375,0.3944954128440367,0.34375,0.3853211009174312,0.375,0.3944954128440367,0.34375,0.3853211009174312
"Считается, что коллекционирование",раритетных,6,0.0,0.0,0.0,0.0,0.16666666666666666,0.14285714285714285,0.16666666666666666,0.14285714285714285,0.16666666666666666,0.14285714285714285,0.16666666666666666,0.14285714285714285,0.16666666666666666,0.14285714285714285,0.16666666666666666,0.14285714285714285,0.3333333333333333,0.7142857142857142,0.3333333333333333,0.7142857142857142,0.3333333333333333,0.7142857142857142,0.3333333333333333,0.7142857142857142,0.3333333333333333,0.7142857142857142,0.3333333333333333,0.7142857142857142,0.3333333333333333,0.7142857142857142,0.3333333333333333,0.7142857142857142
Я знал: их особенно,злило,12,0.16666666666666666,0.25,0.16666666666666666,0.25,0.16666666666666666,0.25,0.16666666666666666,0.25,0.16666666666666666,0.25,0.16666666666666666,0.25,0.25,0.3125,0.16666666666666666,0.25,0.4166666666666667,0.5,0.4166666666666667,0.5,0.6666666666666666,0.6875,0.6666666666666666,0.6875,0.6666666666666666,0.6875,0.6666666666666666,0.6875,0.6666666666666666,0.6875,0.6666666666666666,0.6875
Педагог предъявляет,одинаковые,8,0.0,0.0,0.0,0.0,0.0,0.0,0.0,0.0,0.0,0.0,0.0,0.0,0.0,0.0,0.0,0.0,0.0,0.0,0.0,0.0,0.125,0.06666666666666667,0.0,0.0,0.25,0.13333333333333333,0.0,0.0,0.25,0.13333333333333333,0.125,0.06666666666666667
И на берегу озера тогда появляются,русалки,50,0.0,0.0,0.0,0.0,0.0,0.0,0.0,0.0,0.0,0.0,0.0,0.0,0.0,0.0,0.0,0.0,0.02,0.012345679012345678,0.02,0.012345679012345678,0.2,0.19753086419753085,0.08,0.04938271604938271,0.28,0.37037037037037035,0.22,0.2345679012345679,0.28,0.37037037037037035,0.22,0.2345679012345679
Но четыре года я не мог себя,заставить,10,0.0,0.0,0.0,0.0,0.0,0.0,0.0,0.0,0.0,0.0,0.0,0.0,0.0,0.0,0.0,0.0,0.0,0.0,0.0,0.0,0.4,0.3333333333333333,0.4,0.3333333333333333,0.7,0.8,0.7,0.8,0.7,0.8,0.7,0.8
"Твоё тело расслабляется, и исчезает",напряжение,7,0.14285714285714285,0.13333333333333333,0.14285714285714285,0.13333333333333333,0.2857142857142857,0.4,0.2857142857142857,0.4,0.2857142857142857,0.4,0.2857142857142857,0.4,0.2857142857142857,0.4,0.2857142857142857,0.4,0.2857142857142857,0.4,0.2857142857142857,0.4,0.5714285714285714,0.7333333333333334,0.5714285714285714,0.7333333333333334,0.5714285714285714,0.7333333333333334,0.5714285714285714,0.7333333333333334,0.7142857142857143,0.8666666666666667,0.7142857142857143,0.8666666666666667
Володя каким-то образом,узнал,32,0.0,0.0,0.0,0.0,0.03125,0.17857142857142858,0.030303030303030304,0.17857142857142858,0.03125,0.17857142857142858,0.030303030303030304,0.17857142857142858,0.125,0.3392857142857143,0.09090909090909091,0.22321428571428573,0.3125,0.4732142857142857,0.30303030303030304,0.4732142857142857,0.5,0.6875,0.45454545454545453,0.6696428571428572,0.65625,0.8392857142857143,0.6060606060606061,0.8214285714285714,0.65625,0.8392857142857143,0.6363636363636364,0.8303571428571429
Однако здесь,есть,13,0.07692307692307693,0.1,0.07142857142857142,0.1,0.15384615384615385,0.30000000000000004,0.14285714285714285,0.25,0.23076923076923078,0.45,0.21428571428571427,0.4,0.3076923076923077,0.5,0.2857142857142857,0.45,0.3076923076923077,0.5,0.2857142857142857,0.45,0.5384615384615384,0.7000000000000001,0.42857142857142855,0.6,0.5384615384615384,0.7000000000000001,0.5,0.65,0.5384615384615384,0.7000000000000001,0.5,0.65
Ей хотелось выплеснуть чай на бежевый,юлин,14,0.07142857142857142,0.018867924528301886,0.07142857142857142,0.018867924528301886,0.21428571428571427,0.20754716981132074,0.21428571428571427,0.20754716981132074,0.21428571428571427,0.20754716981132074,0.21428571428571427,0.20754716981132074,0.21428571428571427,0.20754716981132074,0.21428571428571427,0.20754716981132074,0.35714285714285715,0.41509433962264153,0.35714285714285715,0.41509433962264153,0.5,0.5283018867924528,0.5,0.5283018867924528,0.6428571428571429,0.6415094339622641,0.6428571428571429,0.6415094339622641,0.6428571428571429,0.6415094339622641,0.6428571428571429,0.6415094339622641
В каждом,углу,16,0.0625,0.18461538461538463,0.0625,0.18461538461538463,0.125,0.49230769230769234,0.0625,0.18461538461538463,0.125,0.49230769230769234,0.0625,0.18461538461538463,0.125,0.49230769230769234,0.125,0.49230769230769234,0.1875,0.5692307692307692,0.1875,0.5692307692307692,0.375,0.8153846153846154,0.375,0.8153846153846154,0.375,0.8153846153846154,0.375,0.8153846153846154,0.375,0.8153846153846154,0.375,0.8153846153846154
Вспоминая,журчание,14,0.0,0.0,0.0,0.0,0.07142857142857142,0.125,0.0,0.0,0.14285714285714285,0.16666666666666666,0.0,0.0,0.21428571428571427,0.20833333333333331,0.0,0.0,0.5,0.375,0.2,0.20833333333333331,0.5,0.375,0.3333333333333333,0.29166666666666663,0.5714285714285714,0.41666666666666663,0.5333333333333333,0.41666666666666663,0.5714285714285714,0.41666666666666663,0.5333333333333333,0.41666666666666663
"Олень бродил среди берёз, жевал",талый,7,0.0,0.0,0.0,0.0,0.14285714285714285,0.2,0.14285714285714285,0.2,0.2857142857142857,0.4666666666666667,0.14285714285714285,0.2,0.2857142857142857,0.4666666666666667,0.14285714285714285,0.2,0.42857142857142855,0.6666666666666667,0.42857142857142855,0.6666666666666667,0.5714285714285714,0.7333333333333334,0.5714285714285714,0.7333333333333334,0.8571428571428571,0.9333333333333333,0.5714285714285714,0.7333333333333334,0.8571428571428571,0.9333333333333333,0.8571428571428571,0.9333333333333333
Какие главные лекарства должны,входить,12,0.08333333333333333,0.01639344262295082,0.07142857142857142,0.01639344262295082,0.25,0.7213114754098361,0.14285714285714285,0.03278688524590164,0.25,0.7213114754098361,0.21428571428571427,0.7049180327868853,0.25,0.7213114754098361,0.21428571428571427,0.7049180327868853,0.5833333333333334,0.8852459016393442,0.5,0.8688524590163934,0.6666666666666666,0.9016393442622951,0.5,0.8688524590163934,0.9166666666666666,0.9836065573770492,0.7857142857142857,0.9508196721311475,0.9166666666666666,0.9836065573770492,0.8571428571428571,0.9672131147540983
С нескрываемой,едкой,6,0.0,0.0,0.0,0.0,0.0,0.0,0.0,0.0,0.0,0.0,0.0,0.0,0.0,0.0,0.0,0.0,0.16666666666666666,0.5,0.16666666666666666,0.5,0.3333333333333333,0.6428571428571428,0.3333333333333333,0.6428571428571428,0.8333333333333334,0.9285714285714286,0.8333333333333334,0.9285714285714286,0.8333333333333334,0.9285714285714286,0.8333333333333334,0.9285714285714286
Он ловко поддел концом,ножа,38,0.02631578947368421,0.007462686567164179,0.02564102564102564,0.007462686567164179,0.02631578947368421,0.007462686567164179,0.02564102564102564,0.007462686567164179,0.02631578947368421,0.007462686567164179,0.02564102564102564,0.007462686567164179,0.02631578947368421,0.007462686567164179,0.02564102564102564,0.007462686567164179,0.07894736842105263,0.022388059701492536,0.02564102564102564,0.007462686567164179,0.10526315789473684,0.08208955223880597,0.05128205128205128,0.014925373134328358,0.23684210526315788,0.5447761194029851,0.1794871794871795,0.5223880597014926,0.23684210526315788,0.5447761194029851,0.1794871794871795,0.5223880597014926
Тема эта в то время была,новой,11,0.09090909090909091,0.1,0.08333333333333333,0.1,0.09090909090909091,0.1,0.08333333333333333,0.1,0.09090909090909091,0.1,0.08333333333333333,0.1,0.09090909090909091,0.1,0.08333333333333333,0.1,0.18181818181818182,0.15000000000000002,0.08333333333333333,0.1,0.36363636363636365,0.25,0.25,0.2,0.45454545454545453,0.45,0.3333333333333333,0.25,0.45454545454545453,0.45,0.4166666666666667,0.30000000000000004
Власть судов была такой,узкой,13,0.07692307692307693,0.05,0.07692307692307693,0.05,0.07692307692307693,0.05,0.07692307692307693,0.05,0.15384615384615385,0.1,0.07692307692307693,0.05,0.15384615384615385,0.1,0.07692307692307693,0.05,0.23076923076923078,0.35,0.07692307692307693,0.05,0.3076923076923077,0.45,0.15384615384615385,0.3,0.38461538461538464,0.55,0.23076923076923078,0.4,0.38461538461538464,0.55,0.23076923076923078,0.4
Этот студент,получает,9,0.1111111111111111,0.23529411764705882,0.1111111111111111,0.23529411764705882,0.1111111111111111,0.23529411764705882,0.1111111111111111,0.23529411764705882,0.1111111111111111,0.23529411764705882,0.1111111111111111,0.23529411764705882,0.1111111111111111,0.23529411764705882,0.1111111111111111,0.23529411764705882,0.2222222222222222,0.47058823529411764,0.1111111111111111,0.23529411764705882,0.4444444444444444,0.6470588235294118,0.1111111111111111,0.23529411764705882,0.4444444444444444,0.6470588235294118,0.2222222222222222,0.3529411764705882,0.4444444444444444,0.6470588235294118,0.2222222222222222,0.3529411764705882
"Зачем ему звонить, если откликается",спокойный,10,0.2,0.3529411764705882,0.18181818181818182,0.1764705882352941,0.3,0.5294117647058824,0.36363636363636365,0.5294117647058824,0.4,0.5882352941176471,0.36363636363636365,0.5294117647058824,0.4,0.5882352941176471,0.45454545454545453,0.5882352941176471,0.6,0.7647058823529411,0.5454545454545454,0.7058823529411765,1.0,1.0,0.9090909090909091,0.9411764705882353,1.0,1.0,0.9090909090909091,0.9411764705882353,1.0,1.0,0.9090909090909091,0.9411764705882353
В мои обязанности входило утром включить,рубильник,9,0.0,0.0,0.0,0.0,0.0,0.0,0.0,0.0,0.0,0.0,0.0,0.0,0.0,0.0,0.0,0.0,0.1111111111111111,0.29411764705882354,0.0,0.0,0.3333333333333333,0.4117647058823529,0.3333333333333333,0.4117647058823529,0.4444444444444444,0.47058823529411764,0.4444444444444444,0.47058823529411764,0.4444444444444444,0.47058823529411764,0.4444444444444444,0.47058823529411764
У нас в Волгограде многие придерживаются,иной,22,0.045454545454545456,0.014925373134328358,0.0,0.0,0.09090909090909091,0.029850746268656716,0.07407407407407407,0.029850746268656716,0.09090909090909091,0.029850746268656716,0.07407407407407407,0.029850746268656716,0.09090909090909091,0.029850746268656716,0.07407407407407407,0.029850746268656716,0.13636363636363635,0.04477611940298507,0.07407407407407407,0.029850746268656716,0.13636363636363635,0.04477611940298507,0.1111111111111111,0.04477611940298507,0.22727272727272727,0.07462686567164178,0.14814814814814814,0.05970149253731343,0.22727272727272727,0.07462686567164178,0.14814814814814814,0.05970149253731343
Автор принадлежит к числу последних свидетелей,страшных,30,0.0,0.0,0.0,0.0,0.06666666666666667,0.0819672131147541,0.0,0.0,0.1,0.18032786885245902,0.06451612903225806,0.04918032786885246,0.1,0.18032786885245902,0.0967741935483871,0.14754098360655737,0.2,0.3114754098360656,0.1935483870967742,0.29508196721311475,0.23333333333333334,0.3278688524590164,0.22580645161290322,0.3114754098360656,0.36666666666666664,0.42622950819672134,0.25806451612903225,0.3278688524590164,0.4,0.4426229508196721,0.3870967741935484,0.42622950819672134
В тот момент,атмосфера,10,0.0,0.0,0.0,0.0,0.2,0.4375,0.16666666666666666,0.3125,0.3,0.5,0.16666666666666666,0.3125,0.4,0.625,0.25,0.375,0.6,0.75,0.3333333333333333,0.4375,0.6,0.75,0.5,0.625,0.7,0.8125,0.5,0.625,0.7,0.8125,0.5833333333333334,0.6875
Очень хочется заплести,бант,7,0.14285714285714285,0.05,0.125,0.05,0.14285714285714285,0.05,0.125,0.05,0.2857142857142857,0.1,0.25,0.1,0.2857142857142857,0.1,0.25,0.1,0.2857142857142857,0.1,0.25,0.1,0.2857142857142857,0.1,0.25,0.1,0.5714285714285714,0.8499999999999999,0.25,0.1,0.5714285714285714,0.8499999999999999,0.5,0.5
Ему удалось вскрыть банку об острый край,бампера,7,0.0,0.0,0.0,0.0,0.14285714285714285,0.0625,0.14285714285714285,0.0625,0.14285714285714285,0.0625,0.14285714285714285,0.0625,0.14285714285714285,0.0625,0.14285714285714285,0.0625,0.14285714285714285,0.0625,0.14285714285714285,0.0625,0.2857142857142857,0.125,0.2857142857142857,0.125,0.5714285714285714,0.25,0.5714285714285714,0.25,0.5714285714285714,0.25,0.5714285714285714,0.25
Этот роман захватывает читателя с первой,страницы,3,0.3333333333333333,0.11764705882352941,0.3333333333333333,0.11764705882352941,0.6666666666666666,0.23529411764705882,0.6666666666666666,0.23529411764705882,1.0,1.0,1.0,1.0,1.0,1.0,1.0,1.0,1.0,1.0,1.0,1.0,1.0,1.0,1.0,1.0,1.0,1.0,1.0,1.0,1.0,1.0,1.0,1.0
"Что используют для этой прически,",фен,44,0.0,0.0,0.0,0.0,0.06818181818181818,0.06666666666666667,0.06521739130434782,0.06666666666666667,0.11363636363636363,0.10833333333333334,0.08695652173913043,0.1,0.13636363636363635,0.13333333333333333,0.10869565217391304,0.10833333333333334,0.22727272727272727,0.24166666666666667,0.17391304347826086,0.15833333333333333,0.3409090909090909,0.39166666666666666,0.2608695652173913,0.23333333333333334,0.36363636363636365,0.5083333333333333,0.30434782608695654,0.3416666666666667,0.36363636363636365,0.5083333333333333,0.32608695652173914,0.35833333333333334
Торговля продуктами питания является одной из самых,прибыльных,7,0.2857142857142857,0.38461538461538464,0.14285714285714285,0.3076923076923077,0.2857142857142857,0.38461538461538464,0.14285714285714285,0.3076923076923077,0.2857142857142857,0.38461538461538464,0.2857142857142857,0.38461538461538464,0.2857142857142857,0.38461538461538464,0.2857142857142857,0.38461538461538464,0.2857142857142857,0.38461538461538464,0.2857142857142857,0.38461538461538464,0.5714285714285714,0.5384615384615385,0.5714285714285714,0.5384615384615385,1.0,1.0,1.0,1.0,1.0,1.0,1.0,1.0
"Приготовь себе диетические овощные блюда,",сытные,9,0.1111111111111111,0.06666666666666667,0.1111111111111111,0.06666666666666667,0.4444444444444444,0.26666666666666666,0.4444444444444444,0.26666666666666666,0.4444444444444444,0.26666666666666666,0.4444444444444444,0.26666666666666666,0.5555555555555556,0.5333333333333333,0.5555555555555556,0.5333333333333333,0.5555555555555556,0.5333333333333333,0.5555555555555556,0.5333333333333333,0.7777777777777778,0.8666666666666667,0.7777777777777778,0.8666666666666667,0.7777777777777778,0.8666666666666667,0.7777777777777778,0.8666666666666667,0.7777777777777778,0.8666666666666667,0.7777777777777778,0.8666666666666667
В деревнях по-прежнему,мяли,11,0.09090909090909091,0.06666666666666667,0.07692307692307693,0.06666666666666667,0.09090909090909091,0.06666666666666667,0.07692307692307693,0.06666666666666667,0.18181818181818182,0.13333333333333333,0.15384615384615385,0.13333333333333333,0.18181818181818182,0.13333333333333333,0.15384615384615385,0.13333333333333333,0.36363636363636365,0.4,0.23076923076923078,0.2,0.36363636363636365,0.4,0.23076923076923078,0.2,0.36363636363636365,0.4,0.23076923076923078,0.2,0.36363636363636365,0.4,0.23076923076923078,0.2
Я сделала,шаг,52,0.0,0.0,0.0,0.0,0.0,0.0,0.0,0.0,0.038461538461538464,0.05681818181818182,0.017857142857142856,0.045454545454545456,0.057692307692307696,0.06818181818181818,0.03571428571428571,0.05681818181818182,0.09615384615384616,0.09090909090909091,0.05357142857142857,0.06818181818181818,0.19230769230769232,0.29545454545454547,0.14285714285714285,0.26136363636363635,0.3076923076923077,0.38636363636363635,0.21428571428571427,0.3181818181818182,0.3269230769230769,0.4090909090909091,0.25,0.3409090909090909
Количество денег в обороте выросло благодаря,союзу,16,0.0,0.0,0.0,0.0,0.0625,0.045454545454545456,0.0,0.0,0.0625,0.045454545454545456,0.0,0.0,0.0625,0.045454545454545456,0.05555555555555555,0.045454545454545456,0.125,0.13636363636363635,0.05555555555555555,0.045454545454545456,0.1875,0.18181818181818182,0.1111111111111111,0.09090909090909091,0.25,0.2272727272727273,0.16666666666666666,0.13636363636363635,0.25,0.2272727272727273,0.16666666666666666,0.13636363636363635
"У тебя впереди замечательный день,",полный,12,0.08333333333333333,0.2777777777777778,0.08333333333333333,0.2777777777777778,0.08333333333333333,0.2777777777777778,0.08333333333333333,0.2777777777777778,0.16666666666666666,0.33333333333333337,0.16666666666666666,0.33333333333333337,0.16666666666666666,0.33333333333333337,0.16666666666666666,0.33333333333333337,0.3333333333333333,0.5555555555555556,0.25,0.5,0.5,0.6666666666666666,0.25,0.5,0.5833333333333334,0.7222222222222222,0.3333333333333333,0.5555555555555556,0.5833333333333334,0.7222222222222222,0.3333333333333333,0.5555555555555556
Стала стабильнее экономическая и политическая,обстановка,3,0.0,0.0,0.0,0.0,0.3333333333333333,0.7857142857142857,0.3333333333333333,0.7857142857142857,0.6666666666666666,0.9285714285714286,0.6666666666666666,0.9285714285714286,1.0,1.0,0.6666666666666666,0.9285714285714286,1.0,1.0,1.0,1.0,1.0,1.0,1.0,1.0,1.0,1.0,1.0,1.0,1.0,1.0,1.0,1.0
Дорога ведет в глухой,лес,15,0.0,0.0,0.0,0.0,0.0,0.0,0.0,0.0,0.0,0.0,0.0,0.0,0.0,0.0,0.0,0.0,0.13333333333333333,0.7976190476190476,0.0,0.0,0.26666666666666666,0.8333333333333333,0.06666666666666667,0.011904761904761904,0.4,0.8571428571428571,0.26666666666666666,0.05952380952380952,0.4,0.8571428571428571,0.4,0.8571428571428571
Работы выполняет,специалист,13,0.0,0.0,0.0,0.0,0.0,0.0,0.0,0.0,0.0,0.0,0.0,0.0,0.07692307692307693,0.06666666666666667,0.0,0.0,0.15384615384615385,0.13333333333333333,0.0,0.0,0.23076923076923078,0.2,0.15384615384615385,0.13333333333333333,0.23076923076923078,0.2,0.15384615384615385,0.13333333333333333,0.38461538461538464,0.3333333333333333,0.3076923076923077,0.26666666666666666
Перед ним снова была,прежняя,30,0.0,0.0,0.0,0.0,0.0,0.0,0.0,0.0,0.03333333333333333,0.01,0.0,0.0,0.06666666666666667,0.16,0.03333333333333333,0.01,0.13333333333333333,0.27,0.1,0.19999999999999998,0.16666666666666666,0.28,0.16666666666666666,0.28,0.23333333333333334,0.3,0.2,0.29,0.23333333333333334,0.3,0.2,0.29
Наше правительство сделало,крен,26,0.0,0.0,0.0,0.0,0.0,0.0,0.0,0.0,0.0,0.0,0.0,0.0,0.0,0.0,0.0,0.0,0.038461538461538464,0.0196078431372549,0.038461538461538464,0.0196078431372549,0.038461538461538464,0.0196078431372549,0.038461538461538464,0.0196078431372549,0.038461538461538464,0.0196078431372549,0.038461538461538464,0.0196078431372549,0.038461538461538464,0.0196078431372549,0.038461538461538464,0.0196078431372549
Шею Лизы украшало ожерелье,стоимостью,3,0.3333333333333333,0.875,0.3333333333333333,0.875,0.6666666666666666,0.9375,0.6666666666666666,0.9375,0.6666666666666666,0.9375,0.6666666666666666,0.9375,0.6666666666666666,0.9375,0.6666666666666666,0.9375,0.6666666666666666,0.9375,0.6666666666666666,0.9375,0.6666666666666666,0.9375,0.6666666666666666,0.9375,0.6666666666666666,0.9375,0.6666666666666666,0.9375,0.6666666666666666,0.9375,0.6666666666666666,0.9375
"Елена сидела в кресле, молодая Мурка",урчала,39,0.0,0.0,0.0,0.0,0.10256410256410256,0.496,0.1,0.496,0.15384615384615385,0.52,0.15,0.52,0.1794871794871795,0.5680000000000001,0.175,0.5680000000000001,0.20512820512820512,0.5760000000000001,0.2,0.5760000000000001,0.2564102564102564,0.632,0.25,0.608,0.3076923076923077,0.656,0.275,0.624,0.3333333333333333,0.664,0.325,0.656
От смерти его спасла,собака,30,0.0,0.0,0.0,0.0,0.03333333333333333,0.04081632653061224,0.0,0.0,0.06666666666666667,0.061224489795918366,0.03333333333333333,0.04081632653061224,0.1,0.14285714285714285,0.06666666666666667,0.061224489795918366,0.13333333333333333,0.16326530612244897,0.1,0.14285714285714285,0.23333333333333334,0.22448979591836732,0.16666666666666666,0.18367346938775508,0.3333333333333333,0.3061224489795918,0.3,0.2857142857142857,0.3333333333333333,0.3061224489795918,0.3333333333333333,0.3061224489795918
В качестве примера приводится,жирность,39,0.02564102564102564,0.014705882352941176,0.0,0.0,0.05128205128205128,0.044117647058823525,0.025,0.014705882352941176,0.07692307692307693,0.058823529411764705,0.075,0.058823529411764705,0.07692307692307693,0.058823529411764705,0.075,0.058823529411764705,0.10256410256410256,0.07352941176470588,0.1,0.07352941176470588,0.1794871794871795,0.11764705882352941,0.125,0.08823529411764705,0.2564102564102564,0.19117647058823528,0.175,0.11764705882352941,0.28205128205128205,0.22058823529411764,0.275,0.22058823529411764
"Они не ели целый день,",несчастные,4,0.25,0.4666666666666667,0.25,0.4666666666666667,0.75,0.8,0.75,0.8,0.75,0.8,0.75,0.8,0.75,0.8,0.75,0.8,1.0,1.0,0.75,0.8,1.0,1.0,1.0,1.0,1.0,1.0,1.0,1.0,1.0,1.0,1.0,1.0
В числе возможных кандидатов,называют,5,0.2,0.5882352941176471,0.2,0.5882352941176471,0.4,0.7058823529411765,0.4,0.7058823529411765,0.4,0.7058823529411765,0.4,0.7058823529411765,0.6,0.8823529411764706,0.4,0.7058823529411765,0.6,0.8823529411764706,0.4,0.7058823529411765,0.6,0.8823529411764706,0.4,0.7058823529411765,0.6,0.8823529411764706,0.4,0.7058823529411765,0.6,0.8823529411764706,0.4,0.7058823529411765
На вторичном рынке жилья,розетки,38,0.0,0.0,0.0,0.0,0.05263157894736842,0.02564102564102564,0.022727272727272728,0.01282051282051282,0.05263157894736842,0.02564102564102564,0.045454545454545456,0.02564102564102564,0.07894736842105263,0.038461538461538464,0.045454545454545456,0.02564102564102564,0.23684210526315788,0.3205128205128205,0.11363636363636363,0.1282051282051282,0.34210526315789475,0.5128205128205128,0.22727272727272727,0.2948717948717949,0.5,0.5897435897435898,0.3409090909090909,0.44871794871794873,0.5,0.5897435897435898,0.45454545454545453,0.5128205128205128
"Тому, кто",желает,51,0.0196078431372549,0.051470588235294115,0.015873015873015872,0.051470588235294115,0.0392156862745098,0.11029411764705882,0.031746031746031744,0.11029411764705882,0.058823529411764705,0.1323529411764706,0.047619047619047616,0.1323529411764706,0.0784313725490196,0.14705882352941177,0.06349206349206349,0.14705882352941177,0.13725490196078433,0.19117647058823528,0.09523809523809523,0.16176470588235295,0.35294117647058826,0.4264705882352941,0.20634920634920634,0.25,0.5098039215686274,0.5882352941176471,0.31746031746031744,0.35294117647058826,0.5098039215686274,0.5882352941176471,0.36507936507936506,0.4117647058823529
За два года накопилась,уйма,11,0.09090909090909091,0.05263157894736842,0.09090909090909091,0.05263157894736842,0.2727272727272727,0.3684210526315789,0.2727272727272727,0.3684210526315789,0.36363636363636365,0.42105263157894735,0.36363636363636365,0.42105263157894735,0.36363636363636365,0.42105263157894735,0.36363636363636365,0.42105263157894735,0.36363636363636365,0.42105263157894735,0.36363636363636365,0.42105263157894735,0.36363636363636365,0.42105263157894735,0.36363636363636365,0.42105263157894735,0.36363636363636365,0.42105263157894735,0.36363636363636365,0.42105263157894735,0.36363636363636365,0.42105263157894735,0.36363636363636365,0.42105263157894735
Телята быстро,росли,14,0.07142857142857142,0.2777777777777778,0.0,0.0,0.07142857142857142,0.2777777777777778,0.0,0.0,0.07142857142857142,0.2777777777777778,0.0,0.0,0.07142857142857142,0.2777777777777778,0.0,0.0,0.21428571428571427,0.3888888888888889,0.07142857142857142,0.05555555555555555,0.21428571428571427,0.3888888888888889,0.14285714285714285,0.33333333333333337,0.42857142857142855,0.5555555555555556,0.21428571428571427,0.3888888888888889,0.42857142857142855,0.5555555555555556,0.2857142857142857,0.4444444444444444
Ее сын Гриша умер,бездетным,7,0.0,0.0,0.0,0.0,0.14285714285714285,0.3333333333333333,0.14285714285714285,0.3333333333333333,0.2857142857142857,0.7222222222222222,0.2857142857142857,0.7222222222222222,0.2857142857142857,0.7222222222222222,0.2857142857142857,0.7222222222222222,0.2857142857142857,0.7222222222222222,0.2857142857142857,0.7222222222222222,0.42857142857142855,0.7777777777777778,0.2857142857142857,0.7222222222222222,0.5714285714285714,0.8333333333333333,0.5714285714285714,0.8333333333333333,0.5714285714285714,0.8333333333333333,0.5714285714285714,0.8333333333333333
В вопросе послышался упрёк,командиру,8,0.125,0.3684210526315789,0.0,0.0,0.25,0.6842105263157894,0.25,0.6842105263157894,0.25,0.6842105263157894,0.25,0.6842105263157894,0.25,0.6842105263157894,0.25,0.6842105263157894,0.375,0.7368421052631579,0.375,0.7368421052631579,0.5,0.7894736842105263,0.375,0.7368421052631579,0.625,0.8421052631578947,0.375,0.7368421052631579,0.625,0.8421052631578947,0.375,0.7368421052631579
"Существует легенда, что",ноев,41,0.0,0.0,0.0,0.0,0.07317073170731707,0.1206896551724138,0.047619047619047616,0.10344827586206898,0.0975609756097561,0.13793103448275862,0.07142857142857142,0.1206896551724138,0.12195121951219512,0.15517241379310345,0.11904761904761904,0.15517241379310345,0.14634146341463414,0.1724137931034483,0.14285714285714285,0.1724137931034483,0.24390243902439024,0.3275862068965517,0.21428571428571427,0.2413793103448276,0.2926829268292683,0.3620689655172414,0.2619047619047619,0.3448275862068966,0.2926829268292683,0.3620689655172414,0.2619047619047619,0.3448275862068966
Он признаёт право каждого,жить,5,0.4,0.3333333333333333,0.4,0.3333333333333333,0.4,0.3333333333333333,0.4,0.3333333333333333,0.4,0.3333333333333333,0.4,0.3333333333333333,0.6,0.9047619047619047,0.6,0.9047619047619047,0.8,0.9523809523809523,0.8,0.9523809523809523,0.8,0.9523809523809523,0.8,0.9523809523809523,0.8,0.9523809523809523,0.8,0.9523809523809523,0.8,0.9523809523809523,0.8,0.9523809523809523
"Она успевала убраться, разморозить",фарш,8,0.0,0.0,0.0,0.0,0.125,0.05555555555555555,0.125,0.05555555555555555,0.25,0.1111111111111111,0.25,0.1111111111111111,0.375,0.16666666666666666,0.25,0.1111111111111111,0.625,0.5555555555555556,0.5,0.2222222222222222,0.625,0.5555555555555556,0.5,0.2222222222222222,0.75,0.611111111111111,0.625,0.5555555555555556,0.75,0.611111111111111,0.75,0.611111111111111
За министром труда тянется целый,шлейф,7,0.0,0.0,0.0,0.0,0.14285714285714285,0.375,0.14285714285714285,0.375,0.14285714285714285,0.375,0.14285714285714285,0.375,0.14285714285714285,0.375,0.14285714285714285,0.375,0.2857142857142857,0.4375,0.2857142857142857,0.4375,0.42857142857142855,0.6875,0.42857142857142855,0.6875,0.42857142857142855,0.6875,0.42857142857142855,0.6875,0.42857142857142855,0.6875,0.42857142857142855,0.6875
"Мама брала меня с собой, и мы, сдав",молоко,14,0.0,0.0,0.0,0.0,0.07142857142857142,0.05263157894736842,0.07142857142857142,0.05263157894736842,0.07142857142857142,0.05263157894736842,0.07142857142857142,0.05263157894736842,0.07142857142857142,0.05263157894736842,0.07142857142857142,0.05263157894736842,0.21428571428571427,0.15789473684210525,0.14285714285714285,0.10526315789473684,0.35714285714285715,0.3157894736842105,0.21428571428571427,0.15789473684210525,0.35714285714285715,0.3157894736842105,0.2857142857142857,0.2631578947368421,0.35714285714285715,0.3157894736842105,0.2857142857142857,0.2631578947368421
В бассейне,микробы,56,0.0,0.0,0.0,0.0,0.0,0.0,0.0,0.0,0.0,0.0,0.0,0.0,0.0,0.0,0.0,0.0,0.0,0.0,0.0,0.0,0.03571428571428571,0.027210884353741496,0.0,0.0,0.07142857142857142,0.08843537414965985,0.0,0.0,0.07142857142857142,0.08843537414965985,0.0,0.0
На ведущей вниз,лестнице,12,0.0,0.0,0.0,0.0,0.08333333333333333,0.06557377049180328,0.0,0.0,0.16666666666666666,0.0819672131147541,0.0,0.0,0.16666666666666666,0.0819672131147541,0.16666666666666666,0.0819672131147541,0.25,0.19672131147540983,0.25,0.19672131147540983,0.3333333333333333,0.21311475409836067,0.25,0.19672131147540983,0.4166666666666667,0.27868852459016397,0.25,0.19672131147540983,0.5,0.8032786885245902,0.4166666666666667,0.7868852459016393
У моего отца был счёт в швейцарском,банке,2,1.0,1.0,1.0,1.0,1.0,1.0,1.0,1.0,1.0,1.0,1.0,1.0,1.0,1.0,1.0,1.0,1.0,1.0,1.0,1.0,1.0,1.0,1.0,1.0,1.0,1.0,1.0,1.0,1.0,1.0,1.0,1.0
Применение микросхемы,даст,11,0.09090909090909091,0.05263157894736842,0.0,0.0,0.18181818181818182,0.3684210526315789,0.08333333333333333,0.05263157894736842,0.18181818181818182,0.3684210526315789,0.16666666666666666,0.3684210526315789,0.18181818181818182,0.3684210526315789,0.16666666666666666,0.3684210526315789,0.2727272727272727,0.42105263157894735,0.25,0.42105263157894735,0.36363636363636365,0.5263157894736842,0.25,0.42105263157894735,0.36363636363636365,0.5263157894736842,0.3333333333333333,0.5263157894736842,0.36363636363636365,0.5263157894736842,0.3333333333333333,0.5263157894736842
Приблизительно в центре тайги,мопед,7,0.0,0.0,0.0,0.0,0.0,0.0,0.0,0.0,0.14285714285714285,0.06666666666666667,0.0,0.0,0.14285714285714285,0.06666666666666667,0.0,0.0,0.42857142857142855,0.26666666666666666,0.1,0.06666666666666667,0.42857142857142855,0.26666666666666666,0.2,0.2,0.5714285714285714,0.6666666666666667,0.3,0.4666666666666667,0.7142857142857143,0.7333333333333334,0.4,0.5333333333333333
Государством предлагается,установить,13,0.0,0.0,0.0,0.0,0.0,0.0,0.0,0.0,0.07692307692307693,0.13333333333333333,0.07692307692307693,0.13333333333333333,0.07692307692307693,0.13333333333333333,0.07692307692307693,0.13333333333333333,0.07692307692307693,0.13333333333333333,0.07692307692307693,0.13333333333333333,0.15384615384615385,0.2,0.07692307692307693,0.13333333333333333,0.38461538461538464,0.4,0.3076923076923077,0.3333333333333333,0.38461538461538464,0.4,0.3076923076923077,0.3333333333333333
"Не обнаружив ничего в досье, сыщики решили",рыть,13,0.0,0.0,0.0,0.0,0.0,0.0,0.0,0.0,0.0,0.0,0.0,0.0,0.15384615384615385,0.26666666666666666,0.15384615384615385,0.26666666666666666,0.23076923076923078,0.33333333333333337,0.23076923076923078,0.33333333333333337,0.3076923076923077,0.4,0.3076923076923077,0.4,0.38461538461538464,0.4666666666666667,0.38461538461538464,0.4666666666666667,0.38461538461538464,0.4666666666666667,0.38461538461538464,0.4666666666666667
"Выбирая вязаную шапочку, знайте, что лучше шапка цвета",хаки,24,0.0,0.0,0.0,0.0,0.041666666666666664,0.02,0.04,0.02,0.08333333333333333,0.13999999999999999,0.08,0.13999999999999999,0.125,0.16,0.08,0.13999999999999999,0.20833333333333334,0.24,0.12,0.19999999999999998,0.3333333333333333,0.62,0.2,0.56,0.5416666666666666,0.76,0.44,0.7,0.5416666666666666,0.76,0.52,0.74
Здесь потребуется,врач,15,0.0,0.0,0.0,0.0,0.0,0.0,0.0,0.0,0.0,0.0,0.0,0.0,0.06666666666666667,0.08333333333333333,0.0,0.0,0.06666666666666667,0.08333333333333333,0.06666666666666667,0.08333333333333333,0.13333333333333333,0.125,0.06666666666666667,0.08333333333333333,0.3333333333333333,0.29166666666666663,0.13333333333333333,0.16666666666666666,0.3333333333333333,0.29166666666666663,0.2,0.20833333333333331
"Выходя замуж, ты надеялась обрести спокойствие, уютный",дом,7,0.14285714285714285,0.9230769230769231,0.14285714285714285,0.9230769230769231,0.14285714285714285,0.9230769230769231,0.14285714285714285,0.9230769230769231,0.14285714285714285,0.9230769230769231,0.14285714285714285,0.9230769230769231,0.2857142857142857,0.9358974358974359,0.2857142857142857,0.9358974358974359,0.42857142857142855,0.9487179487179488,0.42857142857142855,0.9487179487179488,0.5714285714285714,0.9615384615384616,0.5714285714285714,0.9615384615384616,0.5714285714285714,0.9615384615384616,0.5714285714285714,0.9615384615384616,0.5714285714285714,0.9615384615384616,0.5714285714285714,0.9615384615384616
Не поручайте,мужу,20,0.0,0.0,0.0,0.0,0.0,0.0,0.0,0.0,0.0,0.0,0.0,0.0,0.0,0.0,0.0,0.0,0.35,0.6144578313253012,0.06451612903225806,0.14457831325301207,0.5,0.6867469879518072,0.16129032258064516,0.3493975903614458,0.6,0.7228915662650602,0.25806451612903225,0.39759036144578314,0.6,0.7228915662650602,0.2903225806451613,0.42168674698795183
Во избежание ожогов надо нанести на лицо небольшое,количество,1,0.0,0.0,0.0,0.0,0.0,0.0,0.0,0.0,0.0,0.0,0.0,0.0,0.0,0.0,0.0,0.0,1.0,1.0,1.0,1.0,1.0,1.0,1.0,1.0,1.0,1.0,1.0,1.0,1.0,1.0,1.0,1.0
"Сделав мне знак помолчать, он приложил",ухо,15,0.0,0.0,0.0,0.0,0.13333333333333333,0.06451612903225806,0.11764705882352941,0.06451612903225806,0.13333333333333333,0.06451612903225806,0.11764705882352941,0.06451612903225806,0.13333333333333333,0.06451612903225806,0.11764705882352941,0.06451612903225806,0.4666666666666667,0.8279569892473119,0.17647058823529413,0.07526881720430108,0.5333333333333333,0.8387096774193549,0.4117647058823529,0.6344086021505376,0.5333333333333333,0.8387096774193549,0.4117647058823529,0.6344086021505376,0.5333333333333333,0.8387096774193549,0.4117647058823529,0.6344086021505376
"За углом ― Морской музей, с бесчисленными моделями",кораблей,5,0.0,0.0,0.0,0.0,0.0,0.0,0.0,0.0,0.2,0.029411764705882353,0.2,0.029411764705882353,0.2,0.029411764705882353,0.2,0.029411764705882353,0.6,0.9558823529411765,0.4,0.058823529411764705,1.0,1.0,1.0,1.0,1.0,1.0,1.0,1.0,1.0,1.0,1.0,1.0
"В багажнике были лопата,",лом,22,0.0,0.0,0.0,0.0,0.0,0.0,0.0,0.0,0.09090909090909091,0.03225806451612903,0.09090909090909091,0.03225806451612903,0.18181818181818182,0.1774193548387097,0.18181818181818182,0.1774193548387097,0.22727272727272727,0.22580645161290322,0.22727272727272727,0.22580645161290322,0.3181818181818182,0.6129032258064516,0.2727272727272727,0.3548387096774194,0.36363636363636365,0.6774193548387096,0.36363636363636365,0.6774193548387096,0.36363636363636365,0.6774193548387096,0.36363636363636365,0.6774193548387096
От внимания наблюдателя не должна,ускользать,15,0.13333333333333333,0.14285714285714285,0.13333333333333333,0.14285714285714285,0.13333333333333333,0.14285714285714285,0.13333333333333333,0.14285714285714285,0.2,0.16326530612244897,0.2,0.16326530612244897,0.2,0.16326530612244897,0.2,0.16326530612244897,0.3333333333333333,0.20408163265306123,0.26666666666666666,0.18367346938775508,0.3333333333333333,0.20408163265306123,0.3333333333333333,0.20408163265306123,0.4666666666666667,0.7142857142857143,0.4666666666666667,0.7142857142857143,0.4666666666666667,0.7142857142857143,0.4666666666666667,0.7142857142857143
Мне было лень идти на стоянку и сметать,снег,18,0.2222222222222222,0.5512820512820513,0.21052631578947367,0.5512820512820513,0.2777777777777778,0.576923076923077,0.2631578947368421,0.576923076923077,0.3888888888888889,0.6538461538461539,0.3157894736842105,0.6282051282051282,0.4444444444444444,0.6794871794871795,0.3684210526315789,0.6538461538461539,0.5,0.8076923076923077,0.42105263157894735,0.782051282051282,0.5,0.8076923076923077,0.42105263157894735,0.782051282051282,0.5,0.8076923076923077,0.42105263157894735,0.782051282051282,0.5,0.8076923076923077,0.42105263157894735,0.782051282051282
"Собаку, виновницу случившегося, приказали",сечь,11,0.0,0.0,0.0,0.0,0.18181818181818182,0.26666666666666666,0.18181818181818182,0.26666666666666666,0.18181818181818182,0.26666666666666666,0.18181818181818182,0.26666666666666666,0.2727272727272727,0.33333333333333337,0.2727272727272727,0.33333333333333337,0.36363636363636365,0.5333333333333333,0.36363636363636365,0.5333333333333333,0.5454545454545454,0.6666666666666667,0.5454545454545454,0.6666666666666667,0.5454545454545454,0.6666666666666667,0.5454545454545454,0.6666666666666667,0.5454545454545454,0.6666666666666667,0.5454545454545454,0.6666666666666667
В темноте Иван задел острый,сук,11,0.09090909090909091,0.6075949367088608,0.09090909090909091,0.6075949367088608,0.18181818181818182,0.620253164556962,0.18181818181818182,0.620253164556962,0.2727272727272727,0.6582278481012659,0.2727272727272727,0.6582278481012659,0.36363636363636365,0.7215189873417722,0.2727272727272727,0.6582278481012659,0.45454545454545453,0.759493670886076,0.36363636363636365,0.6962025316455697,0.5454545454545454,0.7721518987341772,0.45454545454545453,0.7088607594936709,0.6363636363636364,0.949367088607595,0.45454545454545453,0.7088607594936709,0.6363636363636364,0.949367088607595,0.5454545454545454,0.8860759493670887
"Взяв с собой фотоаппарат, вся",семья,9,0.1111111111111111,0.1111111111111111,0.1111111111111111,0.1111111111111111,0.2222222222222222,0.16666666666666666,0.1111111111111111,0.1111111111111111,0.3333333333333333,0.5,0.2222222222222222,0.4444444444444444,0.4444444444444444,0.5555555555555556,0.3333333333333333,0.5,0.4444444444444444,0.5555555555555556,0.3333333333333333,0.5,0.4444444444444444,0.5555555555555556,0.3333333333333333,0.5,0.4444444444444444,0.5555555555555556,0.3333333333333333,0.5,0.4444444444444444,0.5555555555555556,0.3333333333333333,0.5
В котёл бросают куски,баранины,5,0.0,0.0,0.0,0.0,0.2,0.8,0.2,0.8,0.2,0.8,0.2,0.8,0.2,0.8,0.2,0.8,0.2,0.8,0.2,0.8,0.2,0.8,0.2,0.8,0.2,0.8,0.2,0.8,0.2,0.8,0.2,0.8
На болотах оставался ещё,лед,53,0.05660377358490566,0.32307692307692304,0.05660377358490566,0.32307692307692304,0.07547169811320754,0.36153846153846153,0.07547169811320754,0.36153846153846153,0.09433962264150944,0.36923076923076925,0.07547169811320754,0.36153846153846153,0.09433962264150944,0.36923076923076925,0.09433962264150944,0.36923076923076925,0.11320754716981132,0.3846153846153846,0.11320754716981132,0.3846153846153846,0.2830188679245283,0.4846153846153846,0.2830188679245283,0.4846153846153846,0.33962264150943394,0.5153846153846153,0.33962264150943394,0.5153846153846153,0.33962264150943394,0.5153846153846153,0.33962264150943394,0.5153846153846153
"По воскресеньям музыканты, исполнявшие",сонату,29,0.06896551724137931,0.04081632653061224,0.06060606060606061,0.04081632653061224,0.10344827586206896,0.14285714285714285,0.09090909090909091,0.08163265306122448,0.13793103448275862,0.22448979591836732,0.12121212121212122,0.16326530612244897,0.13793103448275862,0.22448979591836732,0.12121212121212122,0.16326530612244897,0.27586206896551724,0.3469387755102041,0.18181818181818182,0.24489795918367346,0.41379310344827586,0.5510204081632653,0.24242424242424243,0.36734693877551017,0.5862068965517241,0.673469387755102,0.42424242424242425,0.5306122448979591,0.5862068965517241,0.673469387755102,0.5151515151515151,0.6122448979591837
Чтобы придать объем,тонким,9,0.1111111111111111,0.05555555555555555,0.1,0.05555555555555555,0.2222222222222222,0.5,0.2,0.5,0.2222222222222222,0.5,0.2,0.5,0.2222222222222222,0.5,0.2,0.5,0.5555555555555556,0.7777777777777777,0.5,0.6666666666666666,0.5555555555555556,0.7777777777777777,0.6,0.7777777777777777,0.5555555555555556,0.7777777777777777,0.6,0.7777777777777777,0.5555555555555556,0.7777777777777777,0.6,0.7777777777777777
Причиной аварии был мобильный,телефон,2,0.5,0.96875,0.5,0.96875,0.5,0.96875,0.5,0.96875,0.5,0.96875,0.5,0.96875,0.5,0.96875,0.5,0.96875,0.5,0.96875,0.5,0.96875,1.0,1.0,1.0,1.0,1.0,1.0,1.0,1.0,1.0,1.0,1.0,1.0
Когда родители,пригрозили,12,0.08333333333333333,0.07692307692307693,0.08333333333333333,0.07692307692307693,0.08333333333333333,0.07692307692307693,0.08333333333333333,0.07692307692307693,0.08333333333333333,0.07692307692307693,0.08333333333333333,0.07692307692307693,0.08333333333333333,0.07692307692307693,0.08333333333333333,0.07692307692307693,0.16666666666666666,0.15384615384615385,0.16666666666666666,0.15384615384615385,0.4166666666666667,0.46153846153846156,0.3333333333333333,0.38461538461538464,0.5,0.5384615384615385,0.4166666666666667,0.46153846153846156,0.5833333333333334,0.6153846153846154,0.5,0.5384615384615385
Он был очень,неопытным,15,0.0,0.0,0.0,0.0,0.0,0.0,0.0,0.0,0.0,0.0,0.0,0.0,0.0,0.0,0.0,0.0,0.06666666666666667,0.1111111111111111,0.0,0.0,0.13333333333333333,0.16666666666666666,0.1875,0.16666666666666666,0.13333333333333333,0.16666666666666666,0.1875,0.16666666666666666,0.13333333333333333,0.16666666666666666,0.1875,0.16666666666666666
Можно будет,бросить,38,0.05263157894736842,0.03076923076923077,0.02564102564102564,0.015384615384615385,0.05263157894736842,0.03076923076923077,0.02564102564102564,0.015384615384615385,0.05263157894736842,0.03076923076923077,0.02564102564102564,0.015384615384615385,0.05263157894736842,0.03076923076923077,0.02564102564102564,0.015384615384615385,0.07894736842105263,0.13846153846153847,0.05128205128205128,0.03076923076923077,0.18421052631578946,0.27692307692307694,0.15384615384615385,0.2153846153846154,0.3157894736842105,0.36923076923076925,0.2564102564102564,0.3230769230769231,0.3157894736842105,0.36923076923076925,0.3076923076923077,0.35384615384615387
Что ты хочешь чтобы тебе,повторили,7,0.0,0.0,0.0,0.0,0.14285714285714285,0.2,0.125,0.2,0.14285714285714285,0.2,0.125,0.2,0.2857142857142857,0.5333333333333333,0.125,0.2,0.5714285714285714,0.8,0.25,0.5333333333333333,0.7142857142857143,0.8666666666666667,0.5,0.7333333333333333,0.8571428571428571,0.9333333333333333,0.625,0.8,0.8571428571428571,0.9333333333333333,0.625,0.8
А промывать манную,крупу,3,0.3333333333333333,0.0625,0.3333333333333333,0.0625,0.3333333333333333,0.0625,0.3333333333333333,0.0625,0.6666666666666666,0.6875,0.3333333333333333,0.0625,0.6666666666666666,0.6875,0.6666666666666666,0.6875,0.6666666666666666,0.6875,0.6666666666666666,0.6875,1.0,1.0,1.0,1.0,1.0,1.0,1.0,1.0,1.0,1.0,1.0,1.0
"Товарищ генерал,",противник,6,0.0,0.0,0.0,0.0,0.0,0.0,0.0,0.0,0.0,0.0,0.0,0.0,0.16666666666666666,0.0625,0.0,0.0,0.16666666666666666,0.0625,0.16666666666666666,0.0625,0.16666666666666666,0.0625,0.16666666666666666,0.0625,0.16666666666666666,0.0625,0.16666666666666666,0.0625,0.16666666666666666,0.0625,0.16666666666666666,0.0625
У мамы есть,подруга,45,0.0,0.0,0.0,0.0,0.0,0.0,0.0,0.0,0.044444444444444446,0.04938271604938271,0.04,0.04938271604938271,0.044444444444444446,0.04938271604938271,0.04,0.04938271604938271,0.1111111111111111,0.13580246913580246,0.08,0.09876543209876543,0.2,0.2962962962962963,0.18,0.20987654320987653,0.26666666666666666,0.43209876543209874,0.2,0.2222222222222222,0.26666666666666666,0.43209876543209874,0.22,0.2345679012345679
И не надо ставить это целью,всей,14,0.0,0.0,0.0,0.0,0.07142857142857142,0.058823529411764705,0.05555555555555555,0.058823529411764705,0.07142857142857142,0.058823529411764705,0.05555555555555555,0.058823529411764705,0.07142857142857142,0.058823529411764705,0.05555555555555555,0.058823529411764705,0.21428571428571427,0.25,0.05555555555555555,0.058823529411764705,0.5,0.8823529411764706,0.1111111111111111,0.07352941176470588,0.5,0.8823529411764706,0.2222222222222222,0.45588235294117646,0.5,0.8823529411764706,0.2777777777777778,0.4852941176470588
